speedy,Points:0,Points:1,Points:2,vtkOriginalIndices,__vtkIsSelected__,vtkCompositeIndexArray
-0.971549,0.096,0.103,0,0,0,4
-1,0.098,0.103,0,1,0,4
-1,0.104,0.095,0,2,0,4
-1,0.104,0.097,0,3,0,4
-1,0.104,0.091,0,4,0,4
-1,0.104,0.093,0,5,0,4
-1,0.104,0.087,0,6,0,4
-1,0.104,0.089,0,7,0,4
-1,0.104,0.083,0,8,0,4
-1,0.104,0.085,0,9,0,4
-1,0.104,0.079,0,10,0,4
-1,0.104,0.081,0,11,0,4
-1,0.104,0.075,0,12,0,4
-1,0.104,0.077,0,13,0,4
-1,0.104,0.067,0,14,0,4
-1,0.104,0.069,0,15,0,4
-1,0.104,0.063,0,16,0,4
-1,0.104,0.065,0,17,0,4
-1,0.104,0.059,0,18,0,4
-1,0.104,0.061,0,19,0,4
-1,0.104,0.055,0,20,0,4
-1,0.104,0.057,0,21,0,4
-0.914002,0.092,0.103,0,22,0,4
-0.942936,0.094,0.103,0,23,0,4
-0.854555,0.088,0.103,0,24,0,4
-0.884591,0.09,0.103,0,25,0,4
-0.792068,0.084,0.103,0,26,0,4
-0.823757,0.086,0.103,0,27,0,4
-0.725575,0.08,0.103,0,28,0,4
-0.759374,0.082,0.103,0,29,0,4
-1,0.104,0.051,0,30,0,4
-1,0.104,0.053,0,31,0,4
-0.65435,0.076,0.103,0,32,0,4
-0.690589,0.078,0.103,0,33,0,4
1,-0.006,0.003,0,34,0,4
1,-0.006,0.005,0,35,0,4
1,-0.006,0.007,0,36,0,4
1,-0.006,0.009,0,37,0,4
1,-0.006,0.011,0,38,0,4
1,-0.006,0.013,0,39,0,4
1,-0.006,0.015,0,40,0,4
1,-0.006,0.017,0,41,0,4
1,-0.006,0.019,0,42,0,4
1,-0.006,0.021,0,43,0,4
1,-0.006,0.023,0,44,0,4
1,-0.006,0.025,0,45,0,4
1,-0.006,0.027,0,46,0,4
1,-0.006,0.029,0,47,0,4
1,-0.006,0.031,0,48,0,4
1,-0.006,0.033,0,49,0,4
1,-0.006,0.035,0,50,0,4
1,-0.006,0.037,0,51,0,4
1,-0.006,0.039,0,52,0,4
1,-0.006,0.041,0,53,0,4
1,-0.006,0.043,0,54,0,4
1,-0.006,0.045,0,55,0,4
1,-0.006,0.047,0,56,0,4
1,-0.006,0.049,0,57,0,4
-0.913986,0.092,0.099,0,58,0,4
-0.942926,0.094,0.099,0,59,0,4
-0.914002,0.092,0.101,0,60,0,4
-0.942936,0.094,0.101,0,61,0,4
-1,0.104,0.071,0,62,0,4
-1,0.104,0.073,0,63,0,4
-0.914002,0.092,-0.005,0,64,0,4
-0.942936,0.094,-0.005,0,65,0,4
-0.914002,0.092,-0.003,0,66,0,4
-0.942936,0.094,-0.003,0,67,0,4
-0.85453,0.088,0.099,0,68,0,4
-0.88457,0.09,0.099,0,69,0,4
-0.854555,0.088,0.101,0,70,0,4
-0.884591,0.09,0.101,0,71,0,4
-0.792035,0.084,0.099,0,72,0,4
-0.823728,0.086,0.099,0,73,0,4
-0.792068,0.084,0.101,0,74,0,4
-0.823757,0.086,0.101,0,75,0,4
-0.725537,0.08,0.099,0,76,0,4
-0.759338,0.082,0.099,0,77,0,4
-0.725575,0.08,0.101,0,78,0,4
-0.759374,0.082,0.101,0,79,0,4
-1,0.104,0.047,0,80,0,4
-1,0.104,0.049,0,81,0,4
-0.654308,0.076,0.099,0,82,0,4
-0.690548,0.078,0.099,0,83,0,4
-0.65435,0.076,0.101,0,84,0,4
-0.690589,0.078,0.101,0,85,0,4
-0.971544,0.096,0.099,0,86,0,4
-1,0.098,0.099,0,87,0,4
-0.971549,0.096,0.101,0,88,0,4
-1,0.098,0.101,0,89,0,4
-1,0.1,0.099,0,90,0,4
-1,0.102,0.099,0,91,0,4
-1,0.1,0.101,0,92,0,4
-1,0.1,0.095,0,93,0,4
-1,0.102,0.095,0,94,0,4
-1,0.1,0.097,0,95,0,4
-1,0.102,0.097,0,96,0,4
-1,0.1,0.091,0,97,0,4
-1,0.102,0.091,0,98,0,4
-1,0.1,0.093,0,99,0,4
-1,0.102,0.093,0,100,0,4
-1,0.1,0.087,0,101,0,4
-1,0.102,0.087,0,102,0,4
-1,0.1,0.089,0,103,0,4
-1,0.102,0.089,0,104,0,4
-1,0.1,0.083,0,105,0,4
-1,0.102,0.083,0,106,0,4
-1,0.1,0.085,0,107,0,4
-1,0.102,0.085,0,108,0,4
-1,0.1,0.079,0,109,0,4
-1,0.102,0.079,0,110,0,4
-1,0.1,0.081,0,111,0,4
-1,0.102,0.081,0,112,0,4
-1,0.1,0.075,0,113,0,4
-1,0.102,0.075,0,114,0,4
-1,0.1,0.077,0,115,0,4
-1,0.102,0.077,0,116,0,4
-0.854555,0.088,-0.005,0,117,0,4
-0.884591,0.09,-0.005,0,118,0,4
-0.854555,0.088,-0.003,0,119,0,4
-0.884591,0.09,-0.003,0,120,0,4
-1,0.1,0.071,0,121,0,4
-1,0.102,0.071,0,122,0,4
-1,0.1,0.073,0,123,0,4
-1,0.102,0.073,0,124,0,4
-1,0.1,0.067,0,125,0,4
-1,0.102,0.067,0,126,0,4
-1,0.1,0.069,0,127,0,4
-1,0.102,0.069,0,128,0,4
-1,0.1,0.063,0,129,0,4
-1,0.102,0.063,0,130,0,4
-1,0.1,0.065,0,131,0,4
-1,0.102,0.065,0,132,0,4
-1,0.1,0.059,0,133,0,4
-1,0.102,0.059,0,134,0,4
-1,0.1,0.061,0,135,0,4
-1,0.102,0.061,0,136,0,4
-1,0.1,0.055,0,137,0,4
-1,0.102,0.055,0,138,0,4
-1,0.1,0.057,0,139,0,4
-1,0.102,0.057,0,140,0,4
-0.577946,0.072,0.103,0,141,0,4
-0.616811,0.074,0.103,0,142,0,4
-1,0.1,0.051,0,143,0,4
-1,0.102,0.051,0,144,0,4
-1,0.1,0.053,0,145,0,4
-1,0.102,0.053,0,146,0,4
-0.577902,0.072,0.099,0,147,0,4
-0.616768,0.074,0.099,0,148,0,4
-0.577946,0.072,0.101,0,149,0,4
-0.616811,0.074,0.101,0,150,0,4
-1,0.1,0.047,0,151,0,4
-1,0.102,0.047,0,152,0,4
-1,0.1,0.049,0,153,0,4
-1,0.102,0.049,0,154,0,4
-0.971549,0.096,-0.005,0,155,0,4
-1,0.098,-0.005,0,156,0,4
-0.971549,0.096,-0.003,0,157,0,4
-1,0.098,-0.003,0,158,0,4
-1,0.1,-0.005,0,159,0,4
-1,0.1,-0.003,0,160,0,4
-1,0.102,-0.003,0,161,0,4
1,-0.004,0.047,0,162,0,4
1,-0.002,0.047,0,163,0,4
1,-0.004,0.049,0,164,0,4
1,-0.002,0.049,0,165,0,4
1,-0.004,0.043,0,166,0,4
1,-0.002,0.043,0,167,0,4
1,-0.004,0.045,0,168,0,4
1,-0.002,0.045,0,169,0,4
1,-0.004,0.039,0,170,0,4
1,-0.002,0.039,0,171,0,4
1,-0.004,0.041,0,172,0,4
1,-0.002,0.041,0,173,0,4
1,-0.004,0.035,0,174,0,4
1,-0.002,0.035,0,175,0,4
1,-0.004,0.037,0,176,0,4
1,-0.002,0.037,0,177,0,4
1,-0.004,0.031,0,178,0,4
1,-0.002,0.031,0,179,0,4
1,-0.004,0.033,0,180,0,4
1,-0.002,0.033,0,181,0,4
1,-0.004,0.027,0,182,0,4
1,-0.002,0.027,0,183,0,4
1,-0.004,0.029,0,184,0,4
1,-0.002,0.029,0,185,0,4
1,-0.004,0.023,0,186,0,4
1,-0.002,0.023,0,187,0,4
1,-0.004,0.025,0,188,0,4
1,-0.002,0.025,0,189,0,4
1,-0.004,0.019,0,190,0,4
1,-0.002,0.019,0,191,0,4
1,-0.004,0.021,0,192,0,4
1,-0.002,0.021,0,193,0,4
1,-0.004,0.015,0,194,0,4
1,-0.002,0.015,0,195,0,4
1,-0.004,0.017,0,196,0,4
1,-0.002,0.017,0,197,0,4
1,-0.004,0.011,0,198,0,4
1,-0.002,0.011,0,199,0,4
1,-0.004,0.013,0,200,0,4
1,-0.002,0.013,0,201,0,4
1,-0.004,0.007,0,202,0,4
1,-0.002,0.007,0,203,0,4
1,-0.004,0.009,0,204,0,4
1,-0.002,0.009,0,205,0,4
1,-0.004,0.003,0,206,0,4
1,-0.002,0.003,0,207,0,4
1,-0.004,0.005,0,208,0,4
1,-0.002,0.005,0,209,0,4
-0.971544,0.096,0.095,0,210,0,4
-1,0.098,0.095,0,211,0,4
-0.971544,0.096,0.097,0,212,0,4
-1,0.098,0.097,0,213,0,4
-0.971544,0.096,0.091,0,214,0,4
-1,0.098,0.091,0,215,0,4
-0.971544,0.096,0.093,0,216,0,4
-1,0.098,0.093,0,217,0,4
-0.971544,0.096,0.087,0,218,0,4
-1,0.098,0.087,0,219,0,4
-0.971544,0.096,0.089,0,220,0,4
-1,0.098,0.089,0,221,0,4
-0.971544,0.096,0.083,0,222,0,4
-1,0.098,0.083,0,223,0,4
-0.971544,0.096,0.085,0,224,0,4
-1,0.098,0.085,0,225,0,4
-0.971544,0.096,0.079,0,226,0,4
-1,0.098,0.079,0,227,0,4
-0.971544,0.096,0.081,0,228,0,4
-1,0.098,0.081,0,229,0,4
-0.971544,0.096,0.075,0,230,0,4
-1,0.098,0.075,0,231,0,4
-0.971544,0.096,0.077,0,232,0,4
-1,0.098,0.077,0,233,0,4
-0.792068,0.084,-0.005,0,234,0,4
-0.823757,0.086,-0.005,0,235,0,4
-0.792068,0.084,-0.003,0,236,0,4
-0.823757,0.086,-0.003,0,237,0,4
-0.971544,0.096,0.071,0,238,0,4
-1,0.098,0.071,0,239,0,4
-0.971544,0.096,0.073,0,240,0,4
-1,0.098,0.073,0,241,0,4
-0.971544,0.096,0.067,0,242,0,4
-1,0.098,0.067,0,243,0,4
-0.971544,0.096,0.069,0,244,0,4
-1,0.098,0.069,0,245,0,4
-0.971544,0.096,0.063,0,246,0,4
-1,0.098,0.063,0,247,0,4
-0.971544,0.096,0.065,0,248,0,4
-1,0.098,0.065,0,249,0,4
-0.971544,0.096,0.059,0,250,0,4
-1,0.098,0.059,0,251,0,4
-0.971544,0.096,0.061,0,252,0,4
-1,0.098,0.061,0,253,0,4
-0.971544,0.096,0.055,0,254,0,4
-1,0.098,0.055,0,255,0,4
-0.971544,0.096,0.057,0,256,0,4
-1,0.098,0.057,0,257,0,4
-0.496223,0.068,0.103,0,258,0,4
-0.537745,0.07,0.103,0,259,0,4
-0.971544,0.096,0.051,0,260,0,4
-1,0.098,0.051,0,261,0,4
-0.971544,0.096,0.053,0,262,0,4
-1,0.098,0.053,0,263,0,4
-0.496181,0.068,0.099,0,264,0,4
-0.537702,0.07,0.099,0,265,0,4
-0.496223,0.068,0.101,0,266,0,4
-0.537745,0.07,0.101,0,267,0,4
-0.971544,0.096,0.047,0,268,0,4
-1,0.098,0.047,0,269,0,4
-0.971544,0.096,0.049,0,270,0,4
-1,0.098,0.049,0,271,0,4
-0.913986,0.092,0.095,0,272,0,4
-0.942926,0.094,0.095,0,273,0,4
-0.913986,0.092,0.097,0,274,0,4
-0.942926,0.094,0.097,0,275,0,4
-0.913986,0.092,0.091,0,276,0,4
-0.942926,0.094,0.091,0,277,0,4
-0.913986,0.092,0.093,0,278,0,4
-0.942926,0.094,0.093,0,279,0,4
-0.913986,0.092,0.087,0,280,0,4
-0.942926,0.094,0.087,0,281,0,4
-0.913986,0.092,0.089,0,282,0,4
-0.942926,0.094,0.089,0,283,0,4
-0.913986,0.092,0.083,0,284,0,4
-0.942926,0.094,0.083,0,285,0,4
-0.913986,0.092,0.085,0,286,0,4
-0.942926,0.094,0.085,0,287,0,4
-0.913986,0.092,0.079,0,288,0,4
-0.942926,0.094,0.079,0,289,0,4
-0.913986,0.092,0.081,0,290,0,4
-0.942926,0.094,0.081,0,291,0,4
-0.913986,0.092,0.075,0,292,0,4
-0.942926,0.094,0.075,0,293,0,4
-0.913986,0.092,0.077,0,294,0,4
-0.942926,0.094,0.077,0,295,0,4
-0.725575,0.08,-0.005,0,296,0,4
-0.759374,0.082,-0.005,0,297,0,4
-0.725575,0.08,-0.003,0,298,0,4
-0.759374,0.082,-0.003,0,299,0,4
-0.913986,0.092,0.071,0,300,0,4
-0.942926,0.094,0.071,0,301,0,4
-0.913986,0.092,0.073,0,302,0,4
-0.942926,0.094,0.073,0,303,0,4
-0.913986,0.092,0.067,0,304,0,4
-0.942926,0.094,0.067,0,305,0,4
-0.913986,0.092,0.069,0,306,0,4
-0.942926,0.094,0.069,0,307,0,4
-0.913986,0.092,0.063,0,308,0,4
-0.942926,0.094,0.063,0,309,0,4
-0.913986,0.092,0.065,0,310,0,4
-0.942926,0.094,0.065,0,311,0,4
-0.913986,0.092,0.059,0,312,0,4
-0.942926,0.094,0.059,0,313,0,4
-0.913986,0.092,0.061,0,314,0,4
-0.942926,0.094,0.061,0,315,0,4
-0.913986,0.092,0.055,0,316,0,4
-0.942926,0.094,0.055,0,317,0,4
-0.913986,0.092,0.057,0,318,0,4
-0.942926,0.094,0.057,0,319,0,4
-0.409364,0.064,0.103,0,320,0,4
-0.453412,0.066,0.103,0,321,0,4
-0.913986,0.092,0.051,0,322,0,4
-0.942926,0.094,0.051,0,323,0,4
-0.913986,0.092,0.053,0,324,0,4
-0.942926,0.094,0.053,0,325,0,4
-0.409326,0.064,0.099,0,326,0,4
-0.453372,0.066,0.099,0,327,0,4
-0.409364,0.064,0.101,0,328,0,4
-0.453412,0.066,0.101,0,329,0,4
-0.913986,0.092,0.047,0,330,0,4
-0.942926,0.094,0.047,0,331,0,4
-0.913986,0.092,0.049,0,332,0,4
-0.942926,0.094,0.049,0,333,0,4
-0.85453,0.088,0.095,0,334,0,4
-0.88457,0.09,0.095,0,335,0,4
-0.85453,0.088,0.097,0,336,0,4
-0.88457,0.09,0.097,0,337,0,4
-0.85453,0.088,0.091,0,338,0,4
-0.88457,0.09,0.091,0,339,0,4
-0.85453,0.088,0.093,0,340,0,4
-0.88457,0.09,0.093,0,341,0,4
-0.85453,0.088,0.087,0,342,0,4
-0.88457,0.09,0.087,0,343,0,4
-0.85453,0.088,0.089,0,344,0,4
-0.88457,0.09,0.089,0,345,0,4
-0.85453,0.088,0.083,0,346,0,4
-0.88457,0.09,0.083,0,347,0,4
-0.85453,0.088,0.085,0,348,0,4
-0.88457,0.09,0.085,0,349,0,4
-0.85453,0.088,0.079,0,350,0,4
-0.88457,0.09,0.079,0,351,0,4
-0.85453,0.088,0.081,0,352,0,4
-0.88457,0.09,0.081,0,353,0,4
-0.85453,0.088,0.075,0,354,0,4
-0.88457,0.09,0.075,0,355,0,4
-0.85453,0.088,0.077,0,356,0,4
-0.88457,0.09,0.077,0,357,0,4
-0.65435,0.076,-0.005,0,358,0,4
-0.690589,0.078,-0.005,0,359,0,4
-0.65435,0.076,-0.003,0,360,0,4
-0.690589,0.078,-0.003,0,361,0,4
-0.85453,0.088,0.071,0,362,0,4
-0.88457,0.09,0.071,0,363,0,4
-0.85453,0.088,0.073,0,364,0,4
-0.88457,0.09,0.073,0,365,0,4
-0.85453,0.088,0.067,0,366,0,4
-0.88457,0.09,0.067,0,367,0,4
-0.85453,0.088,0.069,0,368,0,4
-0.88457,0.09,0.069,0,369,0,4
-0.85453,0.088,0.063,0,370,0,4
-0.88457,0.09,0.063,0,371,0,4
-0.85453,0.088,0.065,0,372,0,4
-0.88457,0.09,0.065,0,373,0,4
-0.85453,0.088,0.059,0,374,0,4
-0.88457,0.09,0.059,0,375,0,4
-0.85453,0.088,0.061,0,376,0,4
-0.88457,0.09,0.061,0,377,0,4
-0.85453,0.088,0.055,0,378,0,4
-0.88457,0.09,0.055,0,379,0,4
-0.85453,0.088,0.057,0,380,0,4
-0.88457,0.09,0.057,0,381,0,4
-0.317859,0.06,0.103,0,382,0,4
-0.364151,0.062,0.103,0,383,0,4
-0.85453,0.088,0.051,0,384,0,4
-0.88457,0.09,0.051,0,385,0,4
-0.85453,0.088,0.053,0,386,0,4
-0.88457,0.09,0.053,0,387,0,4
-0.317827,0.06,0.099,0,388,0,4
-0.364115,0.062,0.099,0,389,0,4
-0.317859,0.06,0.101,0,390,0,4
-0.364151,0.062,0.101,0,391,0,4
-0.85453,0.088,0.047,0,392,0,4
-0.88457,0.09,0.047,0,393,0,4
-0.85453,0.088,0.049,0,394,0,4
-0.88457,0.09,0.049,0,395,0,4
-0.792035,0.084,0.095,0,396,0,4
-0.823728,0.086,0.095,0,397,0,4
-0.792035,0.084,0.097,0,398,0,4
-0.823728,0.086,0.097,0,399,0,4
-0.792035,0.084,0.091,0,400,0,4
-0.823728,0.086,0.091,0,401,0,4
-0.792035,0.084,0.093,0,402,0,4
-0.823728,0.086,0.093,0,403,0,4
-0.792035,0.084,0.087,0,404,0,4
-0.823728,0.086,0.087,0,405,0,4
-0.792035,0.084,0.089,0,406,0,4
-0.823728,0.086,0.089,0,407,0,4
-0.792035,0.084,0.083,0,408,0,4
-0.823728,0.086,0.083,0,409,0,4
-0.792035,0.084,0.085,0,410,0,4
-0.823728,0.086,0.085,0,411,0,4
-0.792035,0.084,0.079,0,412,0,4
-0.823728,0.086,0.079,0,413,0,4
-0.792035,0.084,0.081,0,414,0,4
-0.823728,0.086,0.081,0,415,0,4
-0.792035,0.084,0.075,0,416,0,4
-0.823728,0.086,0.075,0,417,0,4
-0.792035,0.084,0.077,0,418,0,4
-0.823728,0.086,0.077,0,419,0,4
-0.577946,0.072,-0.005,0,420,0,4
-0.616811,0.074,-0.005,0,421,0,4
-0.577946,0.072,-0.003,0,422,0,4
-0.616811,0.074,-0.003,0,423,0,4
-0.792035,0.084,0.071,0,424,0,4
-0.823728,0.086,0.071,0,425,0,4
-0.792035,0.084,0.073,0,426,0,4
-0.823728,0.086,0.073,0,427,0,4
-0.792035,0.084,0.067,0,428,0,4
-0.823728,0.086,0.067,0,429,0,4
-0.792035,0.084,0.069,0,430,0,4
-0.823728,0.086,0.069,0,431,0,4
-0.792035,0.084,0.063,0,432,0,4
-0.823728,0.086,0.063,0,433,0,4
-0.792035,0.084,0.065,0,434,0,4
-0.823728,0.086,0.065,0,435,0,4
-0.792035,0.084,0.059,0,436,0,4
-0.823728,0.086,0.059,0,437,0,4
-0.792035,0.084,0.061,0,438,0,4
-0.823728,0.086,0.061,0,439,0,4
-0.792035,0.084,0.055,0,440,0,4
-0.823728,0.086,0.055,0,441,0,4
-0.792035,0.084,0.057,0,442,0,4
-0.823728,0.086,0.057,0,443,0,4
-0.222478,0.056,0.103,0,444,0,4
-0.270595,0.058,0.103,0,445,0,4
-0.792035,0.084,0.051,0,446,0,4
-0.823728,0.086,0.051,0,447,0,4
-0.792035,0.084,0.053,0,448,0,4
-0.823728,0.086,0.053,0,449,0,4
-0.222455,0.056,0.099,0,450,0,4
-0.270568,0.058,0.099,0,451,0,4
-0.222478,0.056,0.101,0,452,0,4
-0.270595,0.058,0.101,0,453,0,4
-0.792035,0.084,0.047,0,454,0,4
-0.823728,0.086,0.047,0,455,0,4
-0.792035,0.084,0.049,0,456,0,4
-0.823728,0.086,0.049,0,457,0,4
-0.725537,0.08,0.095,0,458,0,4
-0.759338,0.082,0.095,0,459,0,4
-0.725537,0.08,0.097,0,460,0,4
-0.759338,0.082,0.097,0,461,0,4
-0.725537,0.08,0.091,0,462,0,4
-0.759338,0.082,0.091,0,463,0,4
-0.725537,0.08,0.093,0,464,0,4
-0.759338,0.082,0.093,0,465,0,4
-0.725537,0.08,0.087,0,466,0,4
-0.759338,0.082,0.087,0,467,0,4
-0.725537,0.08,0.089,0,468,0,4
-0.759338,0.082,0.089,0,469,0,4
-0.725537,0.08,0.083,0,470,0,4
-0.759338,0.082,0.083,0,471,0,4
-0.725537,0.08,0.085,0,472,0,4
-0.759338,0.082,0.085,0,473,0,4
-0.725537,0.08,0.079,0,474,0,4
-0.759338,0.082,0.079,0,475,0,4
-0.725537,0.08,0.081,0,476,0,4
-0.759338,0.082,0.081,0,477,0,4
-0.725537,0.08,0.075,0,478,0,4
-0.759338,0.082,0.075,0,479,0,4
-0.725537,0.08,0.077,0,480,0,4
-0.759338,0.082,0.077,0,481,0,4
-0.496223,0.068,-0.005,0,482,0,4
-0.537745,0.07,-0.005,0,483,0,4
-0.496223,0.068,-0.003,0,484,0,4
-0.537745,0.07,-0.003,0,485,0,4
-0.725537,0.08,0.071,0,486,0,4
-0.759338,0.082,0.071,0,487,0,4
-0.725537,0.08,0.073,0,488,0,4
-0.759338,0.082,0.073,0,489,0,4
-0.725537,0.08,0.067,0,490,0,4
-0.759338,0.082,0.067,0,491,0,4
-0.725537,0.08,0.069,0,492,0,4
-0.759338,0.082,0.069,0,493,0,4
-0.725537,0.08,0.063,0,494,0,4
-0.759338,0.082,0.063,0,495,0,4
-0.725537,0.08,0.065,0,496,0,4
-0.759338,0.082,0.065,0,497,0,4
-0.725537,0.08,0.059,0,498,0,4
-0.759338,0.082,0.059,0,499,0,4
-0.725537,0.08,0.061,0,500,0,4
-0.759338,0.082,0.061,0,501,0,4
-0.725537,0.08,0.055,0,502,0,4
-0.759338,0.082,0.055,0,503,0,4
-0.725537,0.08,0.057,0,504,0,4
-0.759338,0.082,0.057,0,505,0,4
-0.124225,0.052,0.103,0,506,0,4
-0.173641,0.054,0.103,0,507,0,4
-0.725537,0.08,0.051,0,508,0,4
-0.759338,0.082,0.051,0,509,0,4
-0.725537,0.08,0.053,0,510,0,4
-0.759338,0.082,0.053,0,511,0,4
-0.124211,0.052,0.099,0,512,0,4
-0.173622,0.054,0.099,0,513,0,4
-0.124225,0.052,0.101,0,514,0,4
-0.173641,0.054,0.101,0,515,0,4
-0.725537,0.08,0.047,0,516,0,4
-0.759338,0.082,0.047,0,517,0,4
-0.725537,0.08,0.049,0,518,0,4
-0.759338,0.082,0.049,0,519,0,4
-1,0.104,0.043,0,520,0,4
-1,0.104,0.045,0,521,0,4
-0.654308,0.076,0.095,0,522,0,4
-0.690548,0.078,0.095,0,523,0,4
-0.654308,0.076,0.097,0,524,0,4
-0.690548,0.078,0.097,0,525,0,4
-1,0.104,0.039,0,526,0,4
-1,0.104,0.041,0,527,0,4
-0.654308,0.076,0.091,0,528,0,4
-0.690548,0.078,0.091,0,529,0,4
-0.654308,0.076,0.093,0,530,0,4
-0.690548,0.078,0.093,0,531,0,4
-1,0.104,0.035,0,532,0,4
-1,0.104,0.037,0,533,0,4
-0.654308,0.076,0.087,0,534,0,4
-0.690548,0.078,0.087,0,535,0,4
-0.654308,0.076,0.089,0,536,0,4
-0.690548,0.078,0.089,0,537,0,4
-1,0.104,0.031,0,538,0,4
-1,0.104,0.033,0,539,0,4
-0.654308,0.076,0.083,0,540,0,4
-0.690548,0.078,0.083,0,541,0,4
-0.654308,0.076,0.085,0,542,0,4
-0.690548,0.078,0.085,0,543,0,4
-1,0.104,0.027,0,544,0,4
-1,0.104,0.029,0,545,0,4
-0.654308,0.076,0.079,0,546,0,4
-0.690548,0.078,0.079,0,547,0,4
-0.654308,0.076,0.081,0,548,0,4
-0.690548,0.078,0.081,0,549,0,4
-1,0.104,0.023,0,550,0,4
-1,0.104,0.025,0,551,0,4
-0.654308,0.076,0.075,0,552,0,4
-0.690548,0.078,0.075,0,553,0,4
-0.654308,0.076,0.077,0,554,0,4
-0.690548,0.078,0.077,0,555,0,4
-1,0.104,0.019,0,556,0,4
-1,0.104,0.021,0,557,0,4
-0.409364,0.064,-0.005,0,558,0,4
-0.453412,0.066,-0.005,0,559,0,4
-0.409364,0.064,-0.003,0,560,0,4
-0.453412,0.066,-0.003,0,561,0,4
-0.654308,0.076,0.071,0,562,0,4
-0.690548,0.078,0.071,0,563,0,4
-0.654308,0.076,0.073,0,564,0,4
-0.690548,0.078,0.073,0,565,0,4
-1,0.104,0.015,0,566,0,4
-1,0.104,0.017,0,567,0,4
-0.654308,0.076,0.067,0,568,0,4
-0.690548,0.078,0.067,0,569,0,4
-0.654308,0.076,0.069,0,570,0,4
-0.690548,0.078,0.069,0,571,0,4
-1,0.104,0.011,0,572,0,4
-1,0.104,0.013,0,573,0,4
-0.654308,0.076,0.063,0,574,0,4
-0.690548,0.078,0.063,0,575,0,4
-0.654308,0.076,0.065,0,576,0,4
-0.690548,0.078,0.065,0,577,0,4
-1,0.104,0.007,0,578,0,4
-1,0.104,0.009,0,579,0,4
-0.654308,0.076,0.059,0,580,0,4
-0.690548,0.078,0.059,0,581,0,4
-0.654308,0.076,0.061,0,582,0,4
-0.690548,0.078,0.061,0,583,0,4
-1,0.104,0.003,0,584,0,4
-1,0.104,0.005,0,585,0,4
-0.654308,0.076,0.055,0,586,0,4
-0.690548,0.078,0.055,0,587,0,4
-0.654308,0.076,0.057,0,588,0,4
-0.690548,0.078,0.057,0,589,0,4
-1,0.104,-0.001,0,590,0,4
-1,0.104,0.001,0,591,0,4
-0.0242725,0.048,0.103,0,592,0,4
-0.0743833,0.05,0.103,0,593,0,4
-0.654308,0.076,0.051,0,594,0,4
-0.690548,0.078,0.051,0,595,0,4
-0.654308,0.076,0.053,0,596,0,4
-0.690548,0.078,0.053,0,597,0,4
-0.024269,0.048,0.099,0,598,0,4
-0.0743746,0.05,0.099,0,599,0,4
-0.0242725,0.048,0.101,0,600,0,4
-0.0743833,0.05,0.101,0,601,0,4
-0.654308,0.076,0.047,0,602,0,4
-0.690548,0.078,0.047,0,603,0,4
-0.654308,0.076,0.049,0,604,0,4
-0.690548,0.078,0.049,0,605,0,4
-1,0.1,0.043,0,606,0,4
-1,0.102,0.043,0,607,0,4
-1,0.1,0.045,0,608,0,4
-1,0.102,0.045,0,609,0,4
-0.577902,0.072,0.095,0,610,0,4
-0.616768,0.074,0.095,0,611,0,4
-0.577902,0.072,0.097,0,612,0,4
-0.616768,0.074,0.097,0,613,0,4
-1,0.1,0.039,0,614,0,4
-1,0.102,0.039,0,615,0,4
-1,0.1,0.041,0,616,0,4
-1,0.102,0.041,0,617,0,4
-0.577902,0.072,0.091,0,618,0,4
-0.616768,0.074,0.091,0,619,0,4
-0.577902,0.072,0.093,0,620,0,4
-0.616768,0.074,0.093,0,621,0,4
-1,0.1,0.035,0,622,0,4
-1,0.102,0.035,0,623,0,4
-1,0.1,0.037,0,624,0,4
-1,0.102,0.037,0,625,0,4
-0.577902,0.072,0.087,0,626,0,4
-0.616768,0.074,0.087,0,627,0,4
-0.577902,0.072,0.089,0,628,0,4
-0.616768,0.074,0.089,0,629,0,4
-1,0.1,0.031,0,630,0,4
-1,0.102,0.031,0,631,0,4
-1,0.1,0.033,0,632,0,4
-1,0.102,0.033,0,633,0,4
-0.577902,0.072,0.083,0,634,0,4
-0.616768,0.074,0.083,0,635,0,4
-0.577902,0.072,0.085,0,636,0,4
-0.616768,0.074,0.085,0,637,0,4
-1,0.1,0.027,0,638,0,4
-1,0.102,0.027,0,639,0,4
-1,0.1,0.029,0,640,0,4
-1,0.102,0.029,0,641,0,4
-0.577902,0.072,0.079,0,642,0,4
-0.616768,0.074,0.079,0,643,0,4
-0.577902,0.072,0.081,0,644,0,4
-0.616768,0.074,0.081,0,645,0,4
-1,0.1,0.023,0,646,0,4
-1,0.102,0.023,0,647,0,4
-1,0.1,0.025,0,648,0,4
-1,0.102,0.025,0,649,0,4
-0.577902,0.072,0.075,0,650,0,4
-0.616768,0.074,0.075,0,651,0,4
-0.577902,0.072,0.077,0,652,0,4
-0.616768,0.074,0.077,0,653,0,4
-0.317859,0.06,-0.005,0,654,0,4
-0.364151,0.062,-0.005,0,655,0,4
-0.317859,0.06,-0.003,0,656,0,4
-0.364151,0.062,-0.003,0,657,0,4
-1,0.1,0.019,0,658,0,4
-1,0.102,0.019,0,659,0,4
-1,0.1,0.021,0,660,0,4
-1,0.102,0.021,0,661,0,4
-0.577902,0.072,0.071,0,662,0,4
-0.616768,0.074,0.071,0,663,0,4
-0.577902,0.072,0.073,0,664,0,4
-0.616768,0.074,0.073,0,665,0,4
-1,0.1,0.015,0,666,0,4
-1,0.102,0.015,0,667,0,4
-1,0.1,0.017,0,668,0,4
-1,0.102,0.017,0,669,0,4
-0.577902,0.072,0.067,0,670,0,4
-0.616768,0.074,0.067,0,671,0,4
-0.577902,0.072,0.069,0,672,0,4
-0.616768,0.074,0.069,0,673,0,4
-1,0.1,0.011,0,674,0,4
-1,0.102,0.011,0,675,0,4
-1,0.1,0.013,0,676,0,4
-1,0.102,0.013,0,677,0,4
-0.577902,0.072,0.063,0,678,0,4
-0.616768,0.074,0.063,0,679,0,4
-0.577902,0.072,0.065,0,680,0,4
-0.616768,0.074,0.065,0,681,0,4
-1,0.1,0.007,0,682,0,4
-1,0.102,0.007,0,683,0,4
-1,0.1,0.009,0,684,0,4
-1,0.102,0.009,0,685,0,4
-0.577902,0.072,0.059,0,686,0,4
-0.616768,0.074,0.059,0,687,0,4
-0.577902,0.072,0.061,0,688,0,4
-0.616768,0.074,0.061,0,689,0,4
-1,0.1,0.003,0,690,0,4
-1,0.102,0.003,0,691,0,4
-1,0.1,0.005,0,692,0,4
-1,0.102,0.005,0,693,0,4
-0.577902,0.072,0.055,0,694,0,4
-0.616768,0.074,0.055,0,695,0,4
-0.577902,0.072,0.057,0,696,0,4
-0.616768,0.074,0.057,0,697,0,4
0.0761115,0.044,0.103,0,698,0,4
0.0259463,0.046,0.103,0,699,0,4
-1,0.1,-0.001,0,700,0,4
-1,0.102,-0.001,0,701,0,4
-1,0.1,0.001,0,702,0,4
-1,0.102,0.001,0,703,0,4
-0.577902,0.072,0.051,0,704,0,4
-0.616768,0.074,0.051,0,705,0,4
-0.577902,0.072,0.053,0,706,0,4
-0.616768,0.074,0.053,0,707,0,4
0.0761045,0.044,0.099,0,708,0,4
0.0259446,0.046,0.099,0,709,0,4
0.0761115,0.044,0.101,0,710,0,4
0.0259463,0.046,0.101,0,711,0,4
-0.577902,0.072,0.047,0,712,0,4
-0.616768,0.074,0.047,0,713,0,4
-0.577902,0.072,0.049,0,714,0,4
-0.616768,0.074,0.049,0,715,0,4
-0.971544,0.096,0.043,0,716,0,4
-1,0.098,0.043,0,717,0,4
-0.971544,0.096,0.045,0,718,0,4
-1,0.098,0.045,0,719,0,4
-0.496181,0.068,0.095,0,720,0,4
-0.537702,0.07,0.095,0,721,0,4
-0.496181,0.068,0.097,0,722,0,4
-0.537702,0.07,0.097,0,723,0,4
-0.971544,0.096,0.039,0,724,0,4
-1,0.098,0.039,0,725,0,4
-0.971544,0.096,0.041,0,726,0,4
-1,0.098,0.041,0,727,0,4
-0.496181,0.068,0.091,0,728,0,4
-0.537702,0.07,0.091,0,729,0,4
-0.496181,0.068,0.093,0,730,0,4
-0.537702,0.07,0.093,0,731,0,4
-0.971544,0.096,0.035,0,732,0,4
-1,0.098,0.035,0,733,0,4
-0.971544,0.096,0.037,0,734,0,4
-1,0.098,0.037,0,735,0,4
-0.496181,0.068,0.087,0,736,0,4
-0.537702,0.07,0.087,0,737,0,4
-0.496181,0.068,0.089,0,738,0,4
-0.537702,0.07,0.089,0,739,0,4
-0.971544,0.096,0.031,0,740,0,4
-1,0.098,0.031,0,741,0,4
-0.971544,0.096,0.033,0,742,0,4
-1,0.098,0.033,0,743,0,4
-0.496181,0.068,0.083,0,744,0,4
-0.537702,0.07,0.083,0,745,0,4
-0.496181,0.068,0.085,0,746,0,4
-0.537702,0.07,0.085,0,747,0,4
-0.971544,0.096,0.027,0,748,0,4
-1,0.098,0.027,0,749,0,4
-0.971544,0.096,0.029,0,750,0,4
-1,0.098,0.029,0,751,0,4
-0.496181,0.068,0.079,0,752,0,4
-0.537702,0.07,0.079,0,753,0,4
-0.496181,0.068,0.081,0,754,0,4
-0.537702,0.07,0.081,0,755,0,4
-0.971544,0.096,0.023,0,756,0,4
-1,0.098,0.023,0,757,0,4
-0.971544,0.096,0.025,0,758,0,4
-1,0.098,0.025,0,759,0,4
-0.496181,0.068,0.075,0,760,0,4
-0.537702,0.07,0.075,0,761,0,4
-0.496181,0.068,0.077,0,762,0,4
-0.537702,0.07,0.077,0,763,0,4
-0.222478,0.056,-0.005,0,764,0,4
-0.270595,0.058,-0.005,0,765,0,4
-0.222478,0.056,-0.003,0,766,0,4
-0.270595,0.058,-0.003,0,767,0,4
-0.971544,0.096,0.019,0,768,0,4
-1,0.098,0.019,0,769,0,4
-0.971544,0.096,0.021,0,770,0,4
-1,0.098,0.021,0,771,0,4
-0.496181,0.068,0.071,0,772,0,4
-0.537702,0.07,0.071,0,773,0,4
-0.496181,0.068,0.073,0,774,0,4
-0.537702,0.07,0.073,0,775,0,4
-0.971544,0.096,0.015,0,776,0,4
-1,0.098,0.015,0,777,0,4
-0.971544,0.096,0.017,0,778,0,4
-1,0.098,0.017,0,779,0,4
-0.496181,0.068,0.067,0,780,0,4
-0.537702,0.07,0.067,0,781,0,4
-0.496181,0.068,0.069,0,782,0,4
-0.537702,0.07,0.069,0,783,0,4
-0.971544,0.096,0.011,0,784,0,4
-1,0.098,0.011,0,785,0,4
-0.971544,0.096,0.013,0,786,0,4
-1,0.098,0.013,0,787,0,4
-0.496181,0.068,0.063,0,788,0,4
-0.537702,0.07,0.063,0,789,0,4
-0.496181,0.068,0.065,0,790,0,4
-0.537702,0.07,0.065,0,791,0,4
-0.971544,0.096,0.007,0,792,0,4
-1,0.098,0.007,0,793,0,4
-0.971544,0.096,0.009,0,794,0,4
-1,0.098,0.009,0,795,0,4
-0.496181,0.068,0.059,0,796,0,4
-0.537702,0.07,0.059,0,797,0,4
-0.496181,0.068,0.061,0,798,0,4
-0.537702,0.07,0.061,0,799,0,4
-0.971544,0.096,0.003,0,800,0,4
-1,0.098,0.003,0,801,0,4
-0.971544,0.096,0.005,0,802,0,4
-1,0.098,0.005,0,803,0,4
-0.496181,0.068,0.055,0,804,0,4
-0.537702,0.07,0.055,0,805,0,4
-0.496181,0.068,0.057,0,806,0,4
-0.537702,0.07,0.057,0,807,0,4
0.175645,0.04,0.103,0,808,0,4
0.126063,0.042,0.103,0,809,0,4
-0.971544,0.096,-0.001,0,810,0,4
-1,0.098,-0.001,0,811,0,4
-0.971544,0.096,0.001,0,812,0,4
-1,0.098,0.001,0,813,0,4
-0.496181,0.068,0.051,0,814,0,4
-0.537702,0.07,0.051,0,815,0,4
-0.496181,0.068,0.053,0,816,0,4
-0.537702,0.07,0.053,0,817,0,4
1,-0.004,0.051,0,818,0,4
1,-0.002,0.051,0,819,0,4
1,-0.004,0.053,0,820,0,4
1,-0.002,0.053,0,821,0,4
0.543583,0.024,-0.001,0,822,0,4
0.501278,0.026,-0.001,0,823,0,4
0.543583,0.024,0.001,0,824,0,4
0.501278,0.026,0.001,0,825,0,4
0.772453,0.012,0.099,0,826,0,4
0.737106,0.014,0.099,0,827,0,4
0.772485,0.012,0.101,0,828,0,4
0.73714,0.014,0.101,0,829,0,4
0.175628,0.04,0.047,0,830,0,4
0.126051,0.042,0.047,0,831,0,4
0.175628,0.04,0.049,0,832,0,4
0.126051,0.042,0.049,0,833,0,4
-0.577902,0.072,0.007,0,834,0,4
-0.616768,0.074,0.007,0,835,0,4
-0.577902,0.072,0.009,0,836,0,4
-0.616768,0.074,0.009,0,837,0,4
0.0761045,0.044,0.059,0,838,0,4
0.0259446,0.046,0.059,0,839,0,4
0.0761045,0.044,0.061,0,840,0,4
0.0259446,0.046,0.061,0,841,0,4
0.273116,0.036,-0.005,0,842,0,4
0.224709,0.038,-0.005,0,843,0,4
0.273116,0.036,-0.003,0,844,0,4
0.224709,0.038,-0.003,0,845,0,4
-0.654308,0.076,0.019,0,846,0,4
-0.690548,0.078,0.019,0,847,0,4
-0.654308,0.076,0.021,0,848,0,4
-0.690548,0.078,0.021,0,849,0,4
-0.024269,0.048,0.071,0,850,0,4
-0.0743746,0.05,0.071,0,851,0,4
-0.024269,0.048,0.073,0,852,0,4
-0.0743746,0.05,0.073,0,853,0,4
-0.725537,0.08,0.031,0,854,0,4
-0.759338,0.082,0.031,0,855,0,4
-0.725537,0.08,0.033,0,856,0,4
-0.759338,0.082,0.033,0,857,0,4
-0.124211,0.052,0.083,0,858,0,4
-0.173622,0.054,0.083,0,859,0,4
-0.124211,0.052,0.085,0,860,0,4
-0.173622,0.054,0.085,0,861,0,4
-0.792035,0.084,0.043,0,862,0,4
-0.823728,0.086,0.043,0,863,0,4
-0.792035,0.084,0.045,0,864,0,4
-0.823728,0.086,0.045,0,865,0,4
-0.222455,0.056,0.095,0,866,0,4
-0.270568,0.058,0.095,0,867,0,4
-0.222455,0.056,0.097,0,868,0,4
-0.270568,0.058,0.097,0,869,0,4
-0.577902,0.072,0.003,0,870,0,4
-0.616768,0.074,0.003,0,871,0,4
-0.577902,0.072,0.005,0,872,0,4
-0.616768,0.074,0.005,0,873,0,4
0.0761045,0.044,0.055,0,874,0,4
0.0259446,0.046,0.055,0,875,0,4
0.0761045,0.044,0.057,0,876,0,4
0.0259446,0.046,0.057,0,877,0,4
-0.654308,0.076,0.015,0,878,0,4
-0.690548,0.078,0.015,0,879,0,4
-0.654308,0.076,0.017,0,880,0,4
-0.690548,0.078,0.017,0,881,0,4
-0.024269,0.048,0.067,0,882,0,4
-0.0743746,0.05,0.067,0,883,0,4
-0.024269,0.048,0.069,0,884,0,4
-0.0743746,0.05,0.069,0,885,0,4
-0.725537,0.08,0.027,0,886,0,4
-0.759338,0.082,0.027,0,887,0,4
-0.725537,0.08,0.029,0,888,0,4
-0.759338,0.082,0.029,0,889,0,4
-0.124211,0.052,0.079,0,890,0,4
-0.173622,0.054,0.079,0,891,0,4
-0.124211,0.052,0.081,0,892,0,4
-0.173622,0.054,0.081,0,893,0,4
-0.792035,0.084,0.039,0,894,0,4
-0.823728,0.086,0.039,0,895,0,4
-0.792035,0.084,0.041,0,896,0,4
-0.823728,0.086,0.041,0,897,0,4
-0.222455,0.056,0.091,0,898,0,4
-0.270568,0.058,0.091,0,899,0,4
-0.222455,0.056,0.093,0,900,0,4
-0.270568,0.058,0.093,0,901,0,4
0.700754,0.016,0.103,0,902,0,4
0.663254,0.018,0.103,0,903,0,4
-0.577902,0.072,-0.001,0,904,0,4
-0.616768,0.074,-0.001,0,905,0,4
-0.577902,0.072,0.001,0,906,0,4
-0.616768,0.074,0.001,0,907,0,4
0.0761045,0.044,0.051,0,908,0,4
0.0259446,0.046,0.051,0,909,0,4
0.0761045,0.044,0.053,0,910,0,4
0.0259446,0.046,0.053,0,911,0,4
-0.654308,0.076,0.011,0,912,0,4
-0.690548,0.078,0.011,0,913,0,4
-0.654308,0.076,0.013,0,914,0,4
-0.690548,0.078,0.013,0,915,0,4
-0.024269,0.048,0.063,0,916,0,4
-0.0743746,0.05,0.063,0,917,0,4
-0.024269,0.048,0.065,0,918,0,4
-0.0743746,0.05,0.065,0,919,0,4
-0.725537,0.08,0.023,0,920,0,4
-0.759338,0.082,0.023,0,921,0,4
-0.725537,0.08,0.025,0,922,0,4
-0.759338,0.082,0.025,0,923,0,4
-0.124211,0.052,0.075,0,924,0,4
-0.173622,0.054,0.075,0,925,0,4
-0.124211,0.052,0.077,0,926,0,4
-0.173622,0.054,0.077,0,927,0,4
-0.792035,0.084,0.035,0,928,0,4
-0.823728,0.086,0.035,0,929,0,4
-0.792035,0.084,0.037,0,930,0,4
-0.823728,0.086,0.037,0,931,0,4
-0.222455,0.056,0.087,0,932,0,4
-0.270568,0.058,0.087,0,933,0,4
-0.222455,0.056,0.089,0,934,0,4
-0.270568,0.058,0.089,0,935,0,4
0.700718,0.016,0.099,0,936,0,4
0.663216,0.018,0.099,0,937,0,4
0.700754,0.016,0.101,0,938,0,4
0.663254,0.018,0.101,0,939,0,4
0.0761045,0.044,0.047,0,940,0,4
0.0259446,0.046,0.047,0,941,0,4
0.0761045,0.044,0.049,0,942,0,4
0.0259446,0.046,0.049,0,943,0,4
-0.654308,0.076,0.007,0,944,0,4
-0.690548,0.078,0.007,0,945,0,4
-0.654308,0.076,0.009,0,946,0,4
-0.690548,0.078,0.009,0,947,0,4
-0.024269,0.048,0.059,0,948,0,4
-0.0743746,0.05,0.059,0,949,0,4
-0.024269,0.048,0.061,0,950,0,4
-0.0743746,0.05,0.061,0,951,0,4
0.175645,0.04,-0.005,0,952,0,4
0.126063,0.042,-0.005,0,953,0,4
0.175645,0.04,-0.003,0,954,0,4
0.126063,0.042,-0.003,0,955,0,4
-0.725537,0.08,0.019,0,956,0,4
-0.759338,0.082,0.019,0,957,0,4
-0.725537,0.08,0.021,0,958,0,4
-0.759338,0.082,0.021,0,959,0,4
-0.124211,0.052,0.071,0,960,0,4
-0.173622,0.054,0.071,0,961,0,4
-0.124211,0.052,0.073,0,962,0,4
-0.173622,0.054,0.073,0,963,0,4
-0.792035,0.084,0.031,0,964,0,4
-0.823728,0.086,0.031,0,965,0,4
-0.792035,0.084,0.033,0,966,0,4
-0.823728,0.086,0.033,0,967,0,4
-0.222455,0.056,0.083,0,968,0,4
-0.270568,0.058,0.083,0,969,0,4
-0.222455,0.056,0.085,0,970,0,4
-0.270568,0.058,0.085,0,971,0,4
-0.85453,0.088,0.043,0,972,0,4
-0.88457,0.09,0.043,0,973,0,4
-0.85453,0.088,0.045,0,974,0,4
-0.88457,0.09,0.045,0,975,0,4
-0.317827,0.06,0.095,0,976,0,4
-0.364115,0.062,0.095,0,977,0,4
-0.317827,0.06,0.097,0,978,0,4
-0.364115,0.062,0.097,0,979,0,4
-0.654308,0.076,0.003,0,980,0,4
-0.690548,0.078,0.003,0,981,0,4
-0.654308,0.076,0.005,0,982,0,4
-0.690548,0.078,0.005,0,983,0,4
-0.024269,0.048,0.055,0,984,0,4
-0.0743746,0.05,0.055,0,985,0,4
-0.024269,0.048,0.057,0,986,0,4
-0.0743746,0.05,0.057,0,987,0,4
-0.725537,0.08,0.015,0,988,0,4
-0.759338,0.082,0.015,0,989,0,4
-0.725537,0.08,0.017,0,990,0,4
-0.759338,0.082,0.017,0,991,0,4
-0.124211,0.052,0.067,0,992,0,4
-0.173622,0.054,0.067,0,993,0,4
-0.124211,0.052,0.069,0,994,0,4
-0.173622,0.054,0.069,0,995,0,4
-0.792035,0.084,0.027,0,996,0,4
-0.823728,0.086,0.027,0,997,0,4
-0.792035,0.084,0.029,0,998,0,4
-0.823728,0.086,0.029,0,999,0,4
-0.222455,0.056,0.079,0,1000,0,4
-0.270568,0.058,0.079,0,1001,0,4
-0.222455,0.056,0.081,0,1002,0,4
-0.270568,0.058,0.081,0,1003,0,4
-0.85453,0.088,0.039,0,1004,0,4
-0.88457,0.09,0.039,0,1005,0,4
-0.85453,0.088,0.041,0,1006,0,4
-0.88457,0.09,0.041,0,1007,0,4
-0.317827,0.06,0.091,0,1008,0,4
-0.364115,0.062,0.091,0,1009,0,4
-0.317827,0.06,0.093,0,1010,0,4
-0.364115,0.062,0.093,0,1011,0,4
0.624586,0.02,0.103,0,1012,0,4
0.584714,0.022,0.103,0,1013,0,4
-0.654308,0.076,-0.001,0,1014,0,4
-0.690548,0.078,-0.001,0,1015,0,4
-0.654308,0.076,0.001,0,1016,0,4
-0.690548,0.078,0.001,0,1017,0,4
-0.024269,0.048,0.051,0,1018,0,4
-0.0743746,0.05,0.051,0,1019,0,4
-0.024269,0.048,0.053,0,1020,0,4
-0.0743746,0.05,0.053,0,1021,0,4
-0.725537,0.08,0.011,0,1022,0,4
-0.759338,0.082,0.011,0,1023,0,4
-0.725537,0.08,0.013,0,1024,0,4
-0.759338,0.082,0.013,0,1025,0,4
-0.124211,0.052,0.063,0,1026,0,4
-0.173622,0.054,0.063,0,1027,0,4
-0.124211,0.052,0.065,0,1028,0,4
-0.173622,0.054,0.065,0,1029,0,4
-0.792035,0.084,0.023,0,1030,0,4
-0.823728,0.086,0.023,0,1031,0,4
-0.792035,0.084,0.025,0,1032,0,4
-0.823728,0.086,0.025,0,1033,0,4
-0.222455,0.056,0.075,0,1034,0,4
-0.270568,0.058,0.075,0,1035,0,4
-0.222455,0.056,0.077,0,1036,0,4
-0.270568,0.058,0.077,0,1037,0,4
-0.85453,0.088,0.035,0,1038,0,4
-0.88457,0.09,0.035,0,1039,0,4
-0.85453,0.088,0.037,0,1040,0,4
-0.88457,0.09,0.037,0,1041,0,4
-0.317827,0.06,0.087,0,1042,0,4
-0.364115,0.062,0.087,0,1043,0,4
-0.317827,0.06,0.089,0,1044,0,4
-0.364115,0.062,0.089,0,1045,0,4
0.624547,0.02,0.099,0,1046,0,4
0.584674,0.022,0.099,0,1047,0,4
0.624586,0.02,0.101,0,1048,0,4
0.584714,0.022,0.101,0,1049,0,4
-0.024269,0.048,0.047,0,1050,0,4
-0.0743746,0.05,0.047,0,1051,0,4
-0.024269,0.048,0.049,0,1052,0,4
-0.0743746,0.05,0.049,0,1053,0,4
-0.725537,0.08,0.007,0,1054,0,4
-0.759338,0.082,0.007,0,1055,0,4
-0.725537,0.08,0.009,0,1056,0,4
-0.759338,0.082,0.009,0,1057,0,4
-0.124211,0.052,0.059,0,1058,0,4
-0.173622,0.054,0.059,0,1059,0,4
-0.124211,0.052,0.061,0,1060,0,4
-0.173622,0.054,0.061,0,1061,0,4
0.0761115,0.044,-0.005,0,1062,0,4
0.0259463,0.046,-0.005,0,1063,0,4
0.0761115,0.044,-0.003,0,1064,0,4
0.0259463,0.046,-0.003,0,1065,0,4
-0.792035,0.084,0.019,0,1066,0,4
-0.823728,0.086,0.019,0,1067,0,4
-0.792035,0.084,0.021,0,1068,0,4
-0.823728,0.086,0.021,0,1069,0,4
-0.222455,0.056,0.071,0,1070,0,4
-0.270568,0.058,0.071,0,1071,0,4
-0.222455,0.056,0.073,0,1072,0,4
-0.270568,0.058,0.073,0,1073,0,4
-0.85453,0.088,0.031,0,1074,0,4
-0.88457,0.09,0.031,0,1075,0,4
-0.85453,0.088,0.033,0,1076,0,4
-0.88457,0.09,0.033,0,1077,0,4
-0.317827,0.06,0.083,0,1078,0,4
-0.364115,0.062,0.083,0,1079,0,4
-0.317827,0.06,0.085,0,1080,0,4
-0.364115,0.062,0.085,0,1081,0,4
-0.913986,0.092,0.043,0,1082,0,4
-0.942926,0.094,0.043,0,1083,0,4
-0.913986,0.092,0.045,0,1084,0,4
-0.942926,0.094,0.045,0,1085,0,4
-0.409326,0.064,0.095,0,1086,0,4
-0.453372,0.066,0.095,0,1087,0,4
-0.409326,0.064,0.097,0,1088,0,4
-0.453372,0.066,0.097,0,1089,0,4
1,-0.004,0.063,0,1090,0,4
1,-0.002,0.063,0,1091,0,4
1,-0.004,0.065,0,1092,0,4
1,-0.002,0.065,0,1093,0,4
0.543583,0.024,0.011,0,1094,0,4
0.501278,0.026,0.011,0,1095,0,4
0.543583,0.024,0.013,0,1096,0,4
0.501278,0.026,0.013,0,1097,0,4
1,-0.006,0.051,0,1098,0,4
1,-0.006,0.053,0,1099,0,4
0.624547,0.02,-0.001,0,1100,0,4
0.584674,0.022,-0.001,0,1101,0,4
0.624547,0.02,0.001,0,1102,0,4
0.584674,0.022,0.001,0,1103,0,4
0.840401,0.008,0.099,0,1104,0,4
0.80685,0.01,0.099,0,1105,0,4
0.840425,0.008,0.101,0,1106,0,4
0.806878,0.01,0.101,0,1107,0,4
0.27309,0.036,0.047,0,1108,0,4
0.224688,0.038,0.047,0,1109,0,4
0.27309,0.036,0.049,0,1110,0,4
0.224688,0.038,0.049,0,1111,0,4
0.367458,0.032,-0.005,0,1112,0,4
0.320737,0.034,-0.005,0,1113,0,4
0.367458,0.032,-0.003,0,1114,0,4
0.320737,0.034,-0.003,0,1115,0,4
-0.577902,0.072,0.019,0,1116,0,4
-0.616768,0.074,0.019,0,1117,0,4
-0.577902,0.072,0.021,0,1118,0,4
-0.616768,0.074,0.021,0,1119,0,4
0.0761045,0.044,0.071,0,1120,0,4
0.0259446,0.046,0.071,0,1121,0,4
0.0761045,0.044,0.073,0,1122,0,4
0.0259446,0.046,0.073,0,1123,0,4
-0.654308,0.076,0.031,0,1124,0,4
-0.690548,0.078,0.031,0,1125,0,4
-0.654308,0.076,0.033,0,1126,0,4
-0.690548,0.078,0.033,0,1127,0,4
-0.024269,0.048,0.083,0,1128,0,4
-0.0743746,0.05,0.083,0,1129,0,4
-0.024269,0.048,0.085,0,1130,0,4
-0.0743746,0.05,0.085,0,1131,0,4
-0.725537,0.08,0.043,0,1132,0,4
-0.759338,0.082,0.043,0,1133,0,4
-0.725537,0.08,0.045,0,1134,0,4
-0.759338,0.082,0.045,0,1135,0,4
-0.124211,0.052,0.095,0,1136,0,4
-0.173622,0.054,0.095,0,1137,0,4
-0.124211,0.052,0.097,0,1138,0,4
-0.173622,0.054,0.097,0,1139,0,4
1,-0.004,0.059,0,1140,0,4
1,-0.002,0.059,0,1141,0,4
1,-0.004,0.061,0,1142,0,4
1,-0.002,0.061,0,1143,0,4
0.543583,0.024,0.007,0,1144,0,4
0.501278,0.026,0.007,0,1145,0,4
0.543583,0.024,0.009,0,1146,0,4
0.501278,0.026,0.009,0,1147,0,4
-0.577902,0.072,0.015,0,1148,0,4
-0.616768,0.074,0.015,0,1149,0,4
-0.577902,0.072,0.017,0,1150,0,4
-0.616768,0.074,0.017,0,1151,0,4
0.0761045,0.044,0.067,0,1152,0,4
0.0259446,0.046,0.067,0,1153,0,4
0.0761045,0.044,0.069,0,1154,0,4
0.0259446,0.046,0.069,0,1155,0,4
-0.654308,0.076,0.027,0,1156,0,4
-0.690548,0.078,0.027,0,1157,0,4
-0.654308,0.076,0.029,0,1158,0,4
-0.690548,0.078,0.029,0,1159,0,4
-0.024269,0.048,0.079,0,1160,0,4
-0.0743746,0.05,0.079,0,1161,0,4
-0.024269,0.048,0.081,0,1162,0,4
-0.0743746,0.05,0.081,0,1163,0,4
-0.725537,0.08,0.039,0,1164,0,4
-0.759338,0.082,0.039,0,1165,0,4
-0.725537,0.08,0.041,0,1166,0,4
-0.759338,0.082,0.041,0,1167,0,4
-0.124211,0.052,0.091,0,1168,0,4
-0.173622,0.054,0.091,0,1169,0,4
-0.124211,0.052,0.093,0,1170,0,4
-0.173622,0.054,0.093,0,1171,0,4
1,-0.004,0.055,0,1172,0,4
1,-0.002,0.055,0,1173,0,4
1,-0.004,0.057,0,1174,0,4
1,-0.002,0.057,0,1175,0,4
0.543583,0.024,0.003,0,1176,0,4
0.501278,0.026,0.003,0,1177,0,4
0.543583,0.024,0.005,0,1178,0,4
0.501278,0.026,0.005,0,1179,0,4
-0.577902,0.072,0.011,0,1180,0,4
-0.616768,0.074,0.011,0,1181,0,4
-0.577902,0.072,0.013,0,1182,0,4
-0.616768,0.074,0.013,0,1183,0,4
0.0761045,0.044,0.063,0,1184,0,4
0.0259446,0.046,0.063,0,1185,0,4
0.0761045,0.044,0.065,0,1186,0,4
0.0259446,0.046,0.065,0,1187,0,4
-0.654308,0.076,0.023,0,1188,0,4
-0.690548,0.078,0.023,0,1189,0,4
-0.654308,0.076,0.025,0,1190,0,4
-0.690548,0.078,0.025,0,1191,0,4
-0.024269,0.048,0.075,0,1192,0,4
-0.0743746,0.05,0.075,0,1193,0,4
-0.024269,0.048,0.077,0,1194,0,4
-0.0743746,0.05,0.077,0,1195,0,4
-0.725537,0.08,0.035,0,1196,0,4
-0.759338,0.082,0.035,0,1197,0,4
-0.725537,0.08,0.037,0,1198,0,4
-0.759338,0.082,0.037,0,1199,0,4
-0.124211,0.052,0.087,0,1200,0,4
-0.173622,0.054,0.087,0,1201,0,4
-0.124211,0.052,0.089,0,1202,0,4
-0.173622,0.054,0.089,0,1203,0,4
1,-0.004,0.075,0,1204,0,4
1,-0.002,0.075,0,1205,0,4
1,-0.004,0.077,0,1206,0,4
1,-0.002,0.077,0,1207,0,4
0.543583,0.024,0.023,0,1208,0,4
0.501278,0.026,0.023,0,1209,0,4
0.543583,0.024,0.025,0,1210,0,4
0.501278,0.026,0.025,0,1211,0,4
1,-0.006,0.063,0,1212,0,4
1,-0.006,0.065,0,1213,0,4
0.624547,0.02,0.011,0,1214,0,4
0.584674,0.022,0.011,0,1215,0,4
0.624547,0.02,0.013,0,1216,0,4
0.584674,0.022,0.013,0,1217,0,4
0.700718,0.016,-0.001,0,1218,0,4
0.663216,0.018,-0.001,0,1219,0,4
0.700718,0.016,0.001,0,1220,0,4
0.663216,0.018,0.001,0,1221,0,4
0.905454,0.004,0.099,0,1222,0,4
0.873225,0.006,0.099,0,1223,0,4
0.905468,0.004,0.101,0,1224,0,4
0.873245,0.006,0.101,0,1225,0,4
0.367426,0.032,0.047,0,1226,0,4
0.320708,0.034,0.047,0,1227,0,4
0.367426,0.032,0.049,0,1228,0,4
0.320708,0.034,0.049,0,1229,0,4
-0.577902,0.072,0.031,0,1230,0,4
-0.616768,0.074,0.031,0,1231,0,4
-0.577902,0.072,0.033,0,1232,0,4
-0.616768,0.074,0.033,0,1233,0,4
0.0761045,0.044,0.083,0,1234,0,4
0.0259446,0.046,0.083,0,1235,0,4
0.0761045,0.044,0.085,0,1236,0,4
0.0259446,0.046,0.085,0,1237,0,4
-0.654308,0.076,0.043,0,1238,0,4
-0.690548,0.078,0.043,0,1239,0,4
-0.654308,0.076,0.045,0,1240,0,4
-0.690548,0.078,0.045,0,1241,0,4
-0.024269,0.048,0.095,0,1242,0,4
-0.0743746,0.05,0.095,0,1243,0,4
-0.024269,0.048,0.097,0,1244,0,4
-0.0743746,0.05,0.097,0,1245,0,4
1,-0.004,0.071,0,1246,0,4
1,-0.002,0.071,0,1247,0,4
1,-0.004,0.073,0,1248,0,4
1,-0.002,0.073,0,1249,0,4
0.543583,0.024,0.019,0,1250,0,4
0.501278,0.026,0.019,0,1251,0,4
0.543583,0.024,0.021,0,1252,0,4
0.501278,0.026,0.021,0,1253,0,4
1,-0.006,0.059,0,1254,0,4
1,-0.006,0.061,0,1255,0,4
0.624547,0.02,0.007,0,1256,0,4
0.584674,0.022,0.007,0,1257,0,4
0.624547,0.02,0.009,0,1258,0,4
0.584674,0.022,0.009,0,1259,0,4
-0.577902,0.072,0.027,0,1260,0,4
-0.616768,0.074,0.027,0,1261,0,4
-0.577902,0.072,0.029,0,1262,0,4
-0.616768,0.074,0.029,0,1263,0,4
0.0761045,0.044,0.079,0,1264,0,4
0.0259446,0.046,0.079,0,1265,0,4
0.0761045,0.044,0.081,0,1266,0,4
0.0259446,0.046,0.081,0,1267,0,4
-0.654308,0.076,0.039,0,1268,0,4
-0.690548,0.078,0.039,0,1269,0,4
-0.654308,0.076,0.041,0,1270,0,4
-0.690548,0.078,0.041,0,1271,0,4
-0.024269,0.048,0.091,0,1272,0,4
-0.0743746,0.05,0.091,0,1273,0,4
-0.024269,0.048,0.093,0,1274,0,4
-0.0743746,0.05,0.093,0,1275,0,4
1,-0.004,0.067,0,1276,0,4
1,-0.002,0.067,0,1277,0,4
1,-0.004,0.069,0,1278,0,4
1,-0.002,0.069,0,1279,0,4
0.543583,0.024,0.015,0,1280,0,4
0.501278,0.026,0.015,0,1281,0,4
0.543583,0.024,0.017,0,1282,0,4
0.501278,0.026,0.017,0,1283,0,4
1,-0.006,0.055,0,1284,0,4
1,-0.006,0.057,0,1285,0,4
0.624547,0.02,0.003,0,1286,0,4
0.584674,0.022,0.003,0,1287,0,4
0.624547,0.02,0.005,0,1288,0,4
0.584674,0.022,0.005,0,1289,0,4
-0.577902,0.072,0.023,0,1290,0,4
-0.616768,0.074,0.023,0,1291,0,4
-0.577902,0.072,0.025,0,1292,0,4
-0.616768,0.074,0.025,0,1293,0,4
0.0761045,0.044,0.075,0,1294,0,4
0.0259446,0.046,0.075,0,1295,0,4
0.0761045,0.044,0.077,0,1296,0,4
0.0259446,0.046,0.077,0,1297,0,4
-0.654308,0.076,0.035,0,1298,0,4
-0.690548,0.078,0.035,0,1299,0,4
-0.654308,0.076,0.037,0,1300,0,4
-0.690548,0.078,0.037,0,1301,0,4
-0.024269,0.048,0.087,0,1302,0,4
-0.0743746,0.05,0.087,0,1303,0,4
-0.024269,0.048,0.089,0,1304,0,4
-0.0743746,0.05,0.089,0,1305,0,4
0.905454,0.004,0.047,0,1306,0,4
0.873225,0.006,0.047,0,1307,0,4
0.905454,0.004,0.049,0,1308,0,4
0.873225,0.006,0.049,0,1309,0,4
0.968691,0,0.035,0,1310,0,4
0.937226,0.002,0.035,0,1311,0,4
0.968691,0,0.037,0,1312,0,4
0.937226,0.002,0.037,0,1313,0,4
0.905454,0.004,0.043,0,1314,0,4
0.873225,0.006,0.043,0,1315,0,4
0.905454,0.004,0.045,0,1316,0,4
0.873225,0.006,0.045,0,1317,0,4
0.968691,0,0.031,0,1318,0,4
0.937226,0.002,0.031,0,1319,0,4
0.968691,0,0.033,0,1320,0,4
0.937226,0.002,0.033,0,1321,0,4
0.905454,0.004,0.039,0,1322,0,4
0.873225,0.006,0.039,0,1323,0,4
0.905454,0.004,0.041,0,1324,0,4
0.873225,0.006,0.041,0,1325,0,4
0.968691,0,0.027,0,1326,0,4
0.937226,0.002,0.027,0,1327,0,4
0.968691,0,0.029,0,1328,0,4
0.937226,0.002,0.029,0,1329,0,4
0.840401,0.008,0.047,0,1330,0,4
0.80685,0.01,0.047,0,1331,0,4
0.840401,0.008,0.049,0,1332,0,4
0.80685,0.01,0.049,0,1333,0,4
0.905454,0.004,0.035,0,1334,0,4
0.873225,0.006,0.035,0,1335,0,4
0.905454,0.004,0.037,0,1336,0,4
0.873225,0.006,0.037,0,1337,0,4
0.968691,0,0.023,0,1338,0,4
0.937226,0.002,0.023,0,1339,0,4
0.968691,0,0.025,0,1340,0,4
0.937226,0.002,0.025,0,1341,0,4
0.840401,0.008,0.043,0,1342,0,4
0.80685,0.01,0.043,0,1343,0,4
0.840401,0.008,0.045,0,1344,0,4
0.80685,0.01,0.045,0,1345,0,4
0.905454,0.004,0.031,0,1346,0,4
0.873225,0.006,0.031,0,1347,0,4
0.905454,0.004,0.033,0,1348,0,4
0.873225,0.006,0.033,0,1349,0,4
0.968691,0,0.019,0,1350,0,4
0.937226,0.002,0.019,0,1351,0,4
0.968691,0,0.021,0,1352,0,4
0.937226,0.002,0.021,0,1353,0,4
0.840401,0.008,0.039,0,1354,0,4
0.80685,0.01,0.039,0,1355,0,4
0.840401,0.008,0.041,0,1356,0,4
0.80685,0.01,0.041,0,1357,0,4
0.905454,0.004,0.027,0,1358,0,4
0.873225,0.006,0.027,0,1359,0,4
0.905454,0.004,0.029,0,1360,0,4
0.873225,0.006,0.029,0,1361,0,4
0.968691,0,0.015,0,1362,0,4
0.937226,0.002,0.015,0,1363,0,4
0.968691,0,0.017,0,1364,0,4
0.937226,0.002,0.017,0,1365,0,4
0.772453,0.012,0.047,0,1366,0,4
0.737106,0.014,0.047,0,1367,0,4
0.772453,0.012,0.049,0,1368,0,4
0.737106,0.014,0.049,0,1369,0,4
0.840401,0.008,0.035,0,1370,0,4
0.80685,0.01,0.035,0,1371,0,4
0.840401,0.008,0.037,0,1372,0,4
0.80685,0.01,0.037,0,1373,0,4
0.905454,0.004,0.023,0,1374,0,4
0.873225,0.006,0.023,0,1375,0,4
0.905454,0.004,0.025,0,1376,0,4
0.873225,0.006,0.025,0,1377,0,4
0.968691,0,0.011,0,1378,0,4
0.937226,0.002,0.011,0,1379,0,4
0.968691,0,0.013,0,1380,0,4
0.937226,0.002,0.013,0,1381,0,4
0.772453,0.012,0.043,0,1382,0,4
0.737106,0.014,0.043,0,1383,0,4
0.772453,0.012,0.045,0,1384,0,4
0.737106,0.014,0.045,0,1385,0,4
0.840401,0.008,0.031,0,1386,0,4
0.80685,0.01,0.031,0,1387,0,4
0.840401,0.008,0.033,0,1388,0,4
0.80685,0.01,0.033,0,1389,0,4
0.905454,0.004,0.019,0,1390,0,4
0.873225,0.006,0.019,0,1391,0,4
0.905454,0.004,0.021,0,1392,0,4
0.873225,0.006,0.021,0,1393,0,4
0.968691,0,0.007,0,1394,0,4
0.937226,0.002,0.007,0,1395,0,4
0.968691,0,0.009,0,1396,0,4
0.937226,0.002,0.009,0,1397,0,4
0.772453,0.012,0.039,0,1398,0,4
0.737106,0.014,0.039,0,1399,0,4
0.772453,0.012,0.041,0,1400,0,4
0.737106,0.014,0.041,0,1401,0,4
0.840401,0.008,0.027,0,1402,0,4
0.80685,0.01,0.027,0,1403,0,4
0.840401,0.008,0.029,0,1404,0,4
0.80685,0.01,0.029,0,1405,0,4
0.905454,0.004,0.015,0,1406,0,4
0.873225,0.006,0.015,0,1407,0,4
0.905454,0.004,0.017,0,1408,0,4
0.873225,0.006,0.017,0,1409,0,4
0.968691,0,0.003,0,1410,0,4
0.937226,0.002,0.003,0,1411,0,4
0.968691,0,0.005,0,1412,0,4
0.937226,0.002,0.005,0,1413,0,4
0.700718,0.016,0.047,0,1414,0,4
0.663216,0.018,0.047,0,1415,0,4
0.700718,0.016,0.049,0,1416,0,4
0.663216,0.018,0.049,0,1417,0,4
0.772453,0.012,0.035,0,1418,0,4
0.737106,0.014,0.035,0,1419,0,4
0.772453,0.012,0.037,0,1420,0,4
0.737106,0.014,0.037,0,1421,0,4
0.840401,0.008,0.023,0,1422,0,4
0.80685,0.01,0.023,0,1423,0,4
0.840401,0.008,0.025,0,1424,0,4
0.80685,0.01,0.025,0,1425,0,4
0.905454,0.004,0.011,0,1426,0,4
0.873225,0.006,0.011,0,1427,0,4
0.905454,0.004,0.013,0,1428,0,4
0.873225,0.006,0.013,0,1429,0,4
0.968691,0,-0.001,0,1430,0,4
0.937226,0.002,-0.001,0,1431,0,4
0.968691,0,0.001,0,1432,0,4
0.937226,0.002,0.001,0,1433,0,4
0.700718,0.016,0.043,0,1434,0,4
0.663216,0.018,0.043,0,1435,0,4
0.700718,0.016,0.045,0,1436,0,4
0.663216,0.018,0.045,0,1437,0,4
0.772453,0.012,0.031,0,1438,0,4
0.737106,0.014,0.031,0,1439,0,4
0.772453,0.012,0.033,0,1440,0,4
0.737106,0.014,0.033,0,1441,0,4
0.840401,0.008,0.019,0,1442,0,4
0.80685,0.01,0.019,0,1443,0,4
0.840401,0.008,0.021,0,1444,0,4
0.80685,0.01,0.021,0,1445,0,4
0.905454,0.004,0.007,0,1446,0,4
0.873225,0.006,0.007,0,1447,0,4
0.905454,0.004,0.009,0,1448,0,4
0.873225,0.006,0.009,0,1449,0,4
0.700718,0.016,0.039,0,1450,0,4
0.663216,0.018,0.039,0,1451,0,4
0.700718,0.016,0.041,0,1452,0,4
0.663216,0.018,0.041,0,1453,0,4
0.772453,0.012,0.027,0,1454,0,4
0.737106,0.014,0.027,0,1455,0,4
0.772453,0.012,0.029,0,1456,0,4
0.737106,0.014,0.029,0,1457,0,4
0.840401,0.008,0.015,0,1458,0,4
0.80685,0.01,0.015,0,1459,0,4
0.840401,0.008,0.017,0,1460,0,4
0.80685,0.01,0.017,0,1461,0,4
0.905454,0.004,0.003,0,1462,0,4
0.873225,0.006,0.003,0,1463,0,4
0.905454,0.004,0.005,0,1464,0,4
0.873225,0.006,0.005,0,1465,0,4
1,-0.006,0.099,0,1466,0,4
0.624547,0.02,0.047,0,1467,0,4
0.584674,0.022,0.047,0,1468,0,4
0.624547,0.02,0.049,0,1469,0,4
0.584674,0.022,0.049,0,1470,0,4
0.700718,0.016,0.035,0,1471,0,4
0.663216,0.018,0.035,0,1472,0,4
0.700718,0.016,0.037,0,1473,0,4
0.663216,0.018,0.037,0,1474,0,4
0.772453,0.012,0.023,0,1475,0,4
0.737106,0.014,0.023,0,1476,0,4
0.772453,0.012,0.025,0,1477,0,4
0.737106,0.014,0.025,0,1478,0,4
0.840401,0.008,0.011,0,1479,0,4
0.80685,0.01,0.011,0,1480,0,4
0.840401,0.008,0.013,0,1481,0,4
0.80685,0.01,0.013,0,1482,0,4
0.905454,0.004,-0.001,0,1483,0,4
0.873225,0.006,-0.001,0,1484,0,4
0.905454,0.004,0.001,0,1485,0,4
0.873225,0.006,0.001,0,1486,0,4
1,-0.006,0.095,0,1487,0,4
1,-0.006,0.097,0,1488,0,4
0.624547,0.02,0.043,0,1489,0,4
0.584674,0.022,0.043,0,1490,0,4
0.624547,0.02,0.045,0,1491,0,4
0.584674,0.022,0.045,0,1492,0,4
0.700718,0.016,0.031,0,1493,0,4
0.663216,0.018,0.031,0,1494,0,4
0.700718,0.016,0.033,0,1495,0,4
0.663216,0.018,0.033,0,1496,0,4
0.772453,0.012,0.019,0,1497,0,4
0.737106,0.014,0.019,0,1498,0,4
0.772453,0.012,0.021,0,1499,0,4
0.737106,0.014,0.021,0,1500,0,4
0.840401,0.008,0.007,0,1501,0,4
0.80685,0.01,0.007,0,1502,0,4
0.840401,0.008,0.009,0,1503,0,4
0.80685,0.01,0.009,0,1504,0,4
1,-0.006,0.091,0,1505,0,4
1,-0.006,0.093,0,1506,0,4
0.624547,0.02,0.039,0,1507,0,4
0.584674,0.022,0.039,0,1508,0,4
0.624547,0.02,0.041,0,1509,0,4
0.584674,0.022,0.041,0,1510,0,4
0.700718,0.016,0.027,0,1511,0,4
0.663216,0.018,0.027,0,1512,0,4
0.700718,0.016,0.029,0,1513,0,4
0.663216,0.018,0.029,0,1514,0,4
0.772453,0.012,0.015,0,1515,0,4
0.737106,0.014,0.015,0,1516,0,4
0.772453,0.012,0.017,0,1517,0,4
0.737106,0.014,0.017,0,1518,0,4
0.840401,0.008,0.003,0,1519,0,4
0.80685,0.01,0.003,0,1520,0,4
0.840401,0.008,0.005,0,1521,0,4
0.80685,0.01,0.005,0,1522,0,4
1,-0.006,0.087,0,1523,0,4
1,-0.006,0.089,0,1524,0,4
0.624547,0.02,0.035,0,1525,0,4
0.584674,0.022,0.035,0,1526,0,4
0.624547,0.02,0.037,0,1527,0,4
0.584674,0.022,0.037,0,1528,0,4
0.700718,0.016,0.023,0,1529,0,4
0.663216,0.018,0.023,0,1530,0,4
0.700718,0.016,0.025,0,1531,0,4
0.663216,0.018,0.025,0,1532,0,4
0.772453,0.012,0.011,0,1533,0,4
0.737106,0.014,0.011,0,1534,0,4
0.772453,0.012,0.013,0,1535,0,4
0.737106,0.014,0.013,0,1536,0,4
0.840401,0.008,-0.001,0,1537,0,4
0.80685,0.01,-0.001,0,1538,0,4
0.840401,0.008,0.001,0,1539,0,4
0.80685,0.01,0.001,0,1540,0,4
1,-0.004,0.099,0,1541,0,4
1,-0.002,0.099,0,1542,0,4
1,-0.004,0.101,0,1543,0,4
1,-0.002,0.101,0,1544,0,4
0.543583,0.024,0.047,0,1545,0,4
0.501278,0.026,0.047,0,1546,0,4
0.543583,0.024,0.049,0,1547,0,4
0.501278,0.026,0.049,0,1548,0,4
1,-0.006,0.083,0,1549,0,4
1,-0.006,0.085,0,1550,0,4
0.624547,0.02,0.031,0,1551,0,4
0.584674,0.022,0.031,0,1552,0,4
0.624547,0.02,0.033,0,1553,0,4
0.584674,0.022,0.033,0,1554,0,4
0.700718,0.016,0.019,0,1555,0,4
0.663216,0.018,0.019,0,1556,0,4
0.700718,0.016,0.021,0,1557,0,4
0.663216,0.018,0.021,0,1558,0,4
0.772453,0.012,0.007,0,1559,0,4
0.737106,0.014,0.007,0,1560,0,4
0.772453,0.012,0.009,0,1561,0,4
0.737106,0.014,0.009,0,1562,0,4
1,-0.004,0.095,0,1563,0,4
1,-0.002,0.095,0,1564,0,4
1,-0.004,0.097,0,1565,0,4
1,-0.002,0.097,0,1566,0,4
0.543583,0.024,0.043,0,1567,0,4
0.501278,0.026,0.043,0,1568,0,4
0.543583,0.024,0.045,0,1569,0,4
0.501278,0.026,0.045,0,1570,0,4
1,-0.006,0.079,0,1571,0,4
1,-0.006,0.081,0,1572,0,4
0.624547,0.02,0.027,0,1573,0,4
0.584674,0.022,0.027,0,1574,0,4
0.624547,0.02,0.029,0,1575,0,4
0.584674,0.022,0.029,0,1576,0,4
0.700718,0.016,0.015,0,1577,0,4
0.663216,0.018,0.015,0,1578,0,4
0.700718,0.016,0.017,0,1579,0,4
0.663216,0.018,0.017,0,1580,0,4
0.772453,0.012,0.003,0,1581,0,4
0.737106,0.014,0.003,0,1582,0,4
0.772453,0.012,0.005,0,1583,0,4
0.737106,0.014,0.005,0,1584,0,4
1,-0.004,0.091,0,1585,0,4
1,-0.002,0.091,0,1586,0,4
1,-0.004,0.093,0,1587,0,4
1,-0.002,0.093,0,1588,0,4
0.543583,0.024,0.039,0,1589,0,4
0.501278,0.026,0.039,0,1590,0,4
0.543583,0.024,0.041,0,1591,0,4
0.501278,0.026,0.041,0,1592,0,4
1,-0.006,0.075,0,1593,0,4
1,-0.006,0.077,0,1594,0,4
0.624547,0.02,0.023,0,1595,0,4
0.584674,0.022,0.023,0,1596,0,4
0.624547,0.02,0.025,0,1597,0,4
0.584674,0.022,0.025,0,1598,0,4
0.700718,0.016,0.011,0,1599,0,4
0.663216,0.018,0.011,0,1600,0,4
0.700718,0.016,0.013,0,1601,0,4
0.663216,0.018,0.013,0,1602,0,4
0.772453,0.012,-0.001,0,1603,0,4
0.737106,0.014,-0.001,0,1604,0,4
0.772453,0.012,0.001,0,1605,0,4
0.737106,0.014,0.001,0,1606,0,4
0.968691,0,0.099,0,1607,0,4
0.937226,0.002,0.099,0,1608,0,4
0.968696,0,0.101,0,1609,0,4
0.937236,0.002,0.101,0,1610,0,4
0.457784,0.028,0.047,0,1611,0,4
0.413145,0.03,0.047,0,1612,0,4
0.457784,0.028,0.049,0,1613,0,4
0.413145,0.03,0.049,0,1614,0,4
1,-0.004,0.087,0,1615,0,4
1,-0.002,0.087,0,1616,0,4
1,-0.004,0.089,0,1617,0,4
1,-0.002,0.089,0,1618,0,4
0.543583,0.024,0.035,0,1619,0,4
0.501278,0.026,0.035,0,1620,0,4
0.543583,0.024,0.037,0,1621,0,4
0.501278,0.026,0.037,0,1622,0,4
-0.577902,0.072,0.043,0,1623,0,4
-0.616768,0.074,0.043,0,1624,0,4
-0.577902,0.072,0.045,0,1625,0,4
-0.616768,0.074,0.045,0,1626,0,4
0.0761045,0.044,0.095,0,1627,0,4
0.0259446,0.046,0.095,0,1628,0,4
0.0761045,0.044,0.097,0,1629,0,4
0.0259446,0.046,0.097,0,1630,0,4
1,-0.006,0.071,0,1631,0,4
1,-0.006,0.073,0,1632,0,4
0.624547,0.02,0.019,0,1633,0,4
0.584674,0.022,0.019,0,1634,0,4
0.624547,0.02,0.021,0,1635,0,4
0.584674,0.022,0.021,0,1636,0,4
0.700718,0.016,0.007,0,1637,0,4
0.663216,0.018,0.007,0,1638,0,4
0.700718,0.016,0.009,0,1639,0,4
0.663216,0.018,0.009,0,1640,0,4
1,-0.004,0.083,0,1641,0,4
1,-0.002,0.083,0,1642,0,4
1,-0.004,0.085,0,1643,0,4
1,-0.002,0.085,0,1644,0,4
0.543583,0.024,0.031,0,1645,0,4
0.501278,0.026,0.031,0,1646,0,4
0.543583,0.024,0.033,0,1647,0,4
0.501278,0.026,0.033,0,1648,0,4
-0.577902,0.072,0.039,0,1649,0,4
-0.616768,0.074,0.039,0,1650,0,4
-0.577902,0.072,0.041,0,1651,0,4
-0.616768,0.074,0.041,0,1652,0,4
0.0761045,0.044,0.091,0,1653,0,4
0.0259446,0.046,0.091,0,1654,0,4
0.0761045,0.044,0.093,0,1655,0,4
0.0259446,0.046,0.093,0,1656,0,4
1,-0.006,0.067,0,1657,0,4
1,-0.006,0.069,0,1658,0,4
0.624547,0.02,0.015,0,1659,0,4
0.584674,0.022,0.015,0,1660,0,4
0.624547,0.02,0.017,0,1661,0,4
0.584674,0.022,0.017,0,1662,0,4
0.700718,0.016,0.003,0,1663,0,4
0.663216,0.018,0.003,0,1664,0,4
0.700718,0.016,0.005,0,1665,0,4
0.663216,0.018,0.005,0,1666,0,4
1,-0.004,0.079,0,1667,0,4
1,-0.002,0.079,0,1668,0,4
1,-0.004,0.081,0,1669,0,4
1,-0.002,0.081,0,1670,0,4
0.543583,0.024,0.027,0,1671,0,4
0.501278,0.026,0.027,0,1672,0,4
0.543583,0.024,0.029,0,1673,0,4
0.501278,0.026,0.029,0,1674,0,4
-0.577902,0.072,0.035,0,1675,0,4
-0.616768,0.074,0.035,0,1676,0,4
-0.577902,0.072,0.037,0,1677,0,4
-0.616768,0.074,0.037,0,1678,0,4
0.0761045,0.044,0.087,0,1679,0,4
0.0259446,0.046,0.087,0,1680,0,4
0.0761045,0.044,0.089,0,1681,0,4
0.0259446,0.046,0.089,0,1682,0,4
0.0761045,0.044,0.043,0,1683,0,4
0.0259446,0.046,0.043,0,1684,0,4
0.0761045,0.044,0.045,0,1685,0,4
0.0259446,0.046,0.045,0,1686,0,4
0.700718,0.016,0.095,0,1687,0,4
0.663216,0.018,0.095,0,1688,0,4
0.700718,0.016,0.097,0,1689,0,4
0.663216,0.018,0.097,0,1690,0,4
0.175628,0.04,0.031,0,1691,0,4
0.126051,0.042,0.031,0,1692,0,4
0.175628,0.04,0.033,0,1693,0,4
0.126051,0.042,0.033,0,1694,0,4
0.772453,0.012,0.083,0,1695,0,4
0.737106,0.014,0.083,0,1696,0,4
0.772453,0.012,0.085,0,1697,0,4
0.737106,0.014,0.085,0,1698,0,4
1,-0.002,-0.005,0,1699,0,4
1,-0.004,-0.003,0,1700,0,4
1,-0.002,-0.003,0,1701,0,4
0.27309,0.036,0.019,0,1702,0,4
0.224688,0.038,0.019,0,1703,0,4
0.27309,0.036,0.021,0,1704,0,4
0.224688,0.038,0.021,0,1705,0,4
0.840401,0.008,0.071,0,1706,0,4
0.80685,0.01,0.071,0,1707,0,4
0.840401,0.008,0.073,0,1708,0,4
0.80685,0.01,0.073,0,1709,0,4
0.367426,0.032,0.007,0,1710,0,4
0.320708,0.034,0.007,0,1711,0,4
0.367426,0.032,0.009,0,1712,0,4
0.320708,0.034,0.009,0,1713,0,4
0.905454,0.004,0.059,0,1714,0,4
0.873225,0.006,0.059,0,1715,0,4
0.905454,0.004,0.061,0,1716,0,4
0.873225,0.006,0.061,0,1717,0,4
0.968691,0,0.047,0,1718,0,4
0.937226,0.002,0.047,0,1719,0,4
0.968691,0,0.049,0,1720,0,4
0.937226,0.002,0.049,0,1721,0,4
0.0761045,0.044,0.039,0,1722,0,4
0.0259446,0.046,0.039,0,1723,0,4
0.0761045,0.044,0.041,0,1724,0,4
0.0259446,0.046,0.041,0,1725,0,4
0.700718,0.016,0.091,0,1726,0,4
0.663216,0.018,0.091,0,1727,0,4
0.700718,0.016,0.093,0,1728,0,4
0.663216,0.018,0.093,0,1729,0,4
0.175628,0.04,0.027,0,1730,0,4
0.126051,0.042,0.027,0,1731,0,4
0.175628,0.04,0.029,0,1732,0,4
0.126051,0.042,0.029,0,1733,0,4
0.772453,0.012,0.079,0,1734,0,4
0.737106,0.014,0.079,0,1735,0,4
0.772453,0.012,0.081,0,1736,0,4
0.737106,0.014,0.081,0,1737,0,4
0.27309,0.036,0.015,0,1738,0,4
0.224688,0.038,0.015,0,1739,0,4
0.27309,0.036,0.017,0,1740,0,4
0.224688,0.038,0.017,0,1741,0,4
0.840401,0.008,0.067,0,1742,0,4
0.80685,0.01,0.067,0,1743,0,4
0.840401,0.008,0.069,0,1744,0,4
0.80685,0.01,0.069,0,1745,0,4
0.367426,0.032,0.003,0,1746,0,4
0.320708,0.034,0.003,0,1747,0,4
0.367426,0.032,0.005,0,1748,0,4
0.320708,0.034,0.005,0,1749,0,4
0.905454,0.004,0.055,0,1750,0,4
0.873225,0.006,0.055,0,1751,0,4
0.905454,0.004,0.057,0,1752,0,4
0.873225,0.006,0.057,0,1753,0,4
0.968691,0,0.043,0,1754,0,4
0.937226,0.002,0.043,0,1755,0,4
0.968691,0,0.045,0,1756,0,4
0.937226,0.002,0.045,0,1757,0,4
0.0761045,0.044,0.035,0,1758,0,4
0.0259446,0.046,0.035,0,1759,0,4
0.0761045,0.044,0.037,0,1760,0,4
0.0259446,0.046,0.037,0,1761,0,4
0.700718,0.016,0.087,0,1762,0,4
0.663216,0.018,0.087,0,1763,0,4
0.700718,0.016,0.089,0,1764,0,4
0.663216,0.018,0.089,0,1765,0,4
0.175628,0.04,0.023,0,1766,0,4
0.126051,0.042,0.023,0,1767,0,4
0.175628,0.04,0.025,0,1768,0,4
0.126051,0.042,0.025,0,1769,0,4
0.772453,0.012,0.075,0,1770,0,4
0.737106,0.014,0.075,0,1771,0,4
0.772453,0.012,0.077,0,1772,0,4
0.737106,0.014,0.077,0,1773,0,4
0.27309,0.036,0.011,0,1774,0,4
0.224688,0.038,0.011,0,1775,0,4
0.27309,0.036,0.013,0,1776,0,4
0.224688,0.038,0.013,0,1777,0,4
0.840401,0.008,0.063,0,1778,0,4
0.80685,0.01,0.063,0,1779,0,4
0.840401,0.008,0.065,0,1780,0,4
0.80685,0.01,0.065,0,1781,0,4
0.367426,0.032,-0.001,0,1782,0,4
0.320708,0.034,-0.001,0,1783,0,4
0.367426,0.032,0.001,0,1784,0,4
0.320708,0.034,0.001,0,1785,0,4
0.905454,0.004,0.051,0,1786,0,4
0.873225,0.006,0.051,0,1787,0,4
0.905454,0.004,0.053,0,1788,0,4
0.873225,0.006,0.053,0,1789,0,4
0.968691,0,0.039,0,1790,0,4
0.937226,0.002,0.039,0,1791,0,4
0.968691,0,0.041,0,1792,0,4
0.937226,0.002,0.041,0,1793,0,4
0.175628,0.04,0.043,0,1794,0,4
0.126051,0.042,0.043,0,1795,0,4
0.175628,0.04,0.045,0,1796,0,4
0.126051,0.042,0.045,0,1797,0,4
0.772453,0.012,0.095,0,1798,0,4
0.737106,0.014,0.095,0,1799,0,4
0.772453,0.012,0.097,0,1800,0,4
0.737106,0.014,0.097,0,1801,0,4
0.27309,0.036,0.031,0,1802,0,4
0.224688,0.038,0.031,0,1803,0,4
0.27309,0.036,0.033,0,1804,0,4
0.224688,0.038,0.033,0,1805,0,4
0.840401,0.008,0.083,0,1806,0,4
0.80685,0.01,0.083,0,1807,0,4
0.840401,0.008,0.085,0,1808,0,4
0.80685,0.01,0.085,0,1809,0,4
0.367426,0.032,0.019,0,1810,0,4
0.320708,0.034,0.019,0,1811,0,4
0.367426,0.032,0.021,0,1812,0,4
0.320708,0.034,0.021,0,1813,0,4
0.905454,0.004,0.071,0,1814,0,4
0.873225,0.006,0.071,0,1815,0,4
0.905454,0.004,0.073,0,1816,0,4
0.873225,0.006,0.073,0,1817,0,4
0.457784,0.028,0.007,0,1818,0,4
0.413145,0.03,0.007,0,1819,0,4
0.457784,0.028,0.009,0,1820,0,4
0.413145,0.03,0.009,0,1821,0,4
0.968691,0,0.059,0,1822,0,4
0.937226,0.002,0.059,0,1823,0,4
0.968691,0,0.061,0,1824,0,4
0.937226,0.002,0.061,0,1825,0,4
0.175628,0.04,0.039,0,1826,0,4
0.126051,0.042,0.039,0,1827,0,4
0.175628,0.04,0.041,0,1828,0,4
0.126051,0.042,0.041,0,1829,0,4
0.772453,0.012,0.091,0,1830,0,4
0.737106,0.014,0.091,0,1831,0,4
0.772453,0.012,0.093,0,1832,0,4
0.737106,0.014,0.093,0,1833,0,4
0.27309,0.036,0.027,0,1834,0,4
0.224688,0.038,0.027,0,1835,0,4
0.27309,0.036,0.029,0,1836,0,4
0.224688,0.038,0.029,0,1837,0,4
0.840401,0.008,0.079,0,1838,0,4
0.80685,0.01,0.079,0,1839,0,4
0.840401,0.008,0.081,0,1840,0,4
0.80685,0.01,0.081,0,1841,0,4
0.367426,0.032,0.015,0,1842,0,4
0.320708,0.034,0.015,0,1843,0,4
0.367426,0.032,0.017,0,1844,0,4
0.320708,0.034,0.017,0,1845,0,4
0.905454,0.004,0.067,0,1846,0,4
0.873225,0.006,0.067,0,1847,0,4
0.905454,0.004,0.069,0,1848,0,4
0.873225,0.006,0.069,0,1849,0,4
0.457784,0.028,0.003,0,1850,0,4
0.413145,0.03,0.003,0,1851,0,4
0.457784,0.028,0.005,0,1852,0,4
0.413145,0.03,0.005,0,1853,0,4
0.968691,0,0.055,0,1854,0,4
0.937226,0.002,0.055,0,1855,0,4
0.968691,0,0.057,0,1856,0,4
0.937226,0.002,0.057,0,1857,0,4
0.175628,0.04,0.035,0,1858,0,4
0.126051,0.042,0.035,0,1859,0,4
0.175628,0.04,0.037,0,1860,0,4
0.126051,0.042,0.037,0,1861,0,4
0.772453,0.012,0.087,0,1862,0,4
0.737106,0.014,0.087,0,1863,0,4
0.772453,0.012,0.089,0,1864,0,4
0.737106,0.014,0.089,0,1865,0,4
1,-0.004,-0.001,0,1866,0,4
1,-0.002,-0.001,0,1867,0,4
1,-0.004,0.001,0,1868,0,4
1,-0.002,0.001,0,1869,0,4
0.27309,0.036,0.023,0,1870,0,4
0.224688,0.038,0.023,0,1871,0,4
0.27309,0.036,0.025,0,1872,0,4
0.224688,0.038,0.025,0,1873,0,4
0.840401,0.008,0.075,0,1874,0,4
0.80685,0.01,0.075,0,1875,0,4
0.840401,0.008,0.077,0,1876,0,4
0.80685,0.01,0.077,0,1877,0,4
0.367426,0.032,0.011,0,1878,0,4
0.320708,0.034,0.011,0,1879,0,4
0.367426,0.032,0.013,0,1880,0,4
0.320708,0.034,0.013,0,1881,0,4
0.905454,0.004,0.063,0,1882,0,4
0.873225,0.006,0.063,0,1883,0,4
0.905454,0.004,0.065,0,1884,0,4
0.873225,0.006,0.065,0,1885,0,4
0.457784,0.028,-0.001,0,1886,0,4
0.413145,0.03,-0.001,0,1887,0,4
0.457784,0.028,0.001,0,1888,0,4
0.413145,0.03,0.001,0,1889,0,4
0.968691,0,0.051,0,1890,0,4
0.937226,0.002,0.051,0,1891,0,4
0.968691,0,0.053,0,1892,0,4
0.937226,0.002,0.053,0,1893,0,4
0.27309,0.036,0.043,0,1894,0,4
0.224688,0.038,0.043,0,1895,0,4
0.27309,0.036,0.045,0,1896,0,4
0.224688,0.038,0.045,0,1897,0,4
0.840401,0.008,0.095,0,1898,0,4
0.80685,0.01,0.095,0,1899,0,4
0.840401,0.008,0.097,0,1900,0,4
0.80685,0.01,0.097,0,1901,0,4
0.367426,0.032,0.031,0,1902,0,4
0.320708,0.034,0.031,0,1903,0,4
0.367426,0.032,0.033,0,1904,0,4
0.320708,0.034,0.033,0,1905,0,4
0.905454,0.004,0.083,0,1906,0,4
0.873225,0.006,0.083,0,1907,0,4
0.905454,0.004,0.085,0,1908,0,4
0.873225,0.006,0.085,0,1909,0,4
0.457784,0.028,0.019,0,1910,0,4
0.413145,0.03,0.019,0,1911,0,4
0.457784,0.028,0.021,0,1912,0,4
0.413145,0.03,0.021,0,1913,0,4
0.968691,0,0.071,0,1914,0,4
0.937226,0.002,0.071,0,1915,0,4
0.968691,0,0.073,0,1916,0,4
0.937226,0.002,0.073,0,1917,0,4
0.27309,0.036,0.039,0,1918,0,4
0.224688,0.038,0.039,0,1919,0,4
0.27309,0.036,0.041,0,1920,0,4
0.224688,0.038,0.041,0,1921,0,4
0.840401,0.008,0.091,0,1922,0,4
0.80685,0.01,0.091,0,1923,0,4
0.840401,0.008,0.093,0,1924,0,4
0.80685,0.01,0.093,0,1925,0,4
0.367426,0.032,0.027,0,1926,0,4
0.320708,0.034,0.027,0,1927,0,4
0.367426,0.032,0.029,0,1928,0,4
0.320708,0.034,0.029,0,1929,0,4
0.905454,0.004,0.079,0,1930,0,4
0.873225,0.006,0.079,0,1931,0,4
0.905454,0.004,0.081,0,1932,0,4
0.873225,0.006,0.081,0,1933,0,4
0.457784,0.028,0.015,0,1934,0,4
0.413145,0.03,0.015,0,1935,0,4
0.457784,0.028,0.017,0,1936,0,4
0.413145,0.03,0.017,0,1937,0,4
0.968691,0,0.067,0,1938,0,4
0.937226,0.002,0.067,0,1939,0,4
0.968691,0,0.069,0,1940,0,4
0.937226,0.002,0.069,0,1941,0,4
0.27309,0.036,0.035,0,1942,0,4
0.224688,0.038,0.035,0,1943,0,4
0.27309,0.036,0.037,0,1944,0,4
0.224688,0.038,0.037,0,1945,0,4
0.840401,0.008,0.087,0,1946,0,4
0.80685,0.01,0.087,0,1947,0,4
0.840401,0.008,0.089,0,1948,0,4
0.80685,0.01,0.089,0,1949,0,4
1,-0.006,-0.001,0,1950,0,4
1,-0.006,0.001,0,1951,0,4
0.367426,0.032,0.023,0,1952,0,4
0.320708,0.034,0.023,0,1953,0,4
0.367426,0.032,0.025,0,1954,0,4
0.320708,0.034,0.025,0,1955,0,4
0.905454,0.004,0.075,0,1956,0,4
0.873225,0.006,0.075,0,1957,0,4
0.905454,0.004,0.077,0,1958,0,4
0.873225,0.006,0.077,0,1959,0,4
0.457784,0.028,0.011,0,1960,0,4
0.413145,0.03,0.011,0,1961,0,4
0.457784,0.028,0.013,0,1962,0,4
0.413145,0.03,0.013,0,1963,0,4
0.968691,0,0.063,0,1964,0,4
0.937226,0.002,0.063,0,1965,0,4
0.968691,0,0.065,0,1966,0,4
0.937226,0.002,0.065,0,1967,0,4
0.367426,0.032,0.043,0,1968,0,4
0.320708,0.034,0.043,0,1969,0,4
0.367426,0.032,0.045,0,1970,0,4
0.320708,0.034,0.045,0,1971,0,4
0.905454,0.004,0.095,0,1972,0,4
0.873225,0.006,0.095,0,1973,0,4
0.905454,0.004,0.097,0,1974,0,4
0.873225,0.006,0.097,0,1975,0,4
0.457784,0.028,0.031,0,1976,0,4
0.413145,0.03,0.031,0,1977,0,4
0.457784,0.028,0.033,0,1978,0,4
0.413145,0.03,0.033,0,1979,0,4
0.968691,0,0.083,0,1980,0,4
0.937226,0.002,0.083,0,1981,0,4
0.968691,0,0.085,0,1982,0,4
0.937226,0.002,0.085,0,1983,0,4
0.367426,0.032,0.039,0,1984,0,4
0.320708,0.034,0.039,0,1985,0,4
0.367426,0.032,0.041,0,1986,0,4
0.320708,0.034,0.041,0,1987,0,4
0.905454,0.004,0.091,0,1988,0,4
0.873225,0.006,0.091,0,1989,0,4
0.905454,0.004,0.093,0,1990,0,4
0.873225,0.006,0.093,0,1991,0,4
0.457784,0.028,0.027,0,1992,0,4
0.413145,0.03,0.027,0,1993,0,4
0.457784,0.028,0.029,0,1994,0,4
0.413145,0.03,0.029,0,1995,0,4
0.968691,0,0.079,0,1996,0,4
0.937226,0.002,0.079,0,1997,0,4
0.968691,0,0.081,0,1998,0,4
0.937226,0.002,0.081,0,1999,0,4
0.367426,0.032,0.035,0,2000,0,4
0.320708,0.034,0.035,0,2001,0,4
0.367426,0.032,0.037,0,2002,0,4
0.320708,0.034,0.037,0,2003,0,4
0.905454,0.004,0.087,0,2004,0,4
0.873225,0.006,0.087,0,2005,0,4
0.905454,0.004,0.089,0,2006,0,4
0.873225,0.006,0.089,0,2007,0,4
0.457784,0.028,0.023,0,2008,0,4
0.413145,0.03,0.023,0,2009,0,4
0.457784,0.028,0.025,0,2010,0,4
0.413145,0.03,0.025,0,2011,0,4
0.968691,0,0.075,0,2012,0,4
0.937226,0.002,0.075,0,2013,0,4
0.968691,0,0.077,0,2014,0,4
0.937226,0.002,0.077,0,2015,0,4
0.457784,0.028,0.043,0,2016,0,4
0.413145,0.03,0.043,0,2017,0,4
0.457784,0.028,0.045,0,2018,0,4
0.413145,0.03,0.045,0,2019,0,4
0.968691,0,0.095,0,2020,0,4
0.937226,0.002,0.095,0,2021,0,4
0.968691,0,0.097,0,2022,0,4
0.937226,0.002,0.097,0,2023,0,4
0.457784,0.028,0.039,0,2024,0,4
0.413145,0.03,0.039,0,2025,0,4
0.457784,0.028,0.041,0,2026,0,4
0.413145,0.03,0.041,0,2027,0,4
0.968691,0,0.091,0,2028,0,4
0.937226,0.002,0.091,0,2029,0,4
0.968691,0,0.093,0,2030,0,4
0.937226,0.002,0.093,0,2031,0,4
0.457784,0.028,0.035,0,2032,0,4
0.413145,0.03,0.035,0,2033,0,4
0.457784,0.028,0.037,0,2034,0,4
0.413145,0.03,0.037,0,2035,0,4
0.968691,0,0.087,0,2036,0,4
0.937226,0.002,0.087,0,2037,0,4
0.968691,0,0.089,0,2038,0,4
0.937226,0.002,0.089,0,2039,0,4
0.840401,0.008,0.051,0,2040,0,4
0.80685,0.01,0.051,0,2041,0,4
0.840401,0.008,0.053,0,2042,0,4
0.80685,0.01,0.053,0,2043,0,4
0.27309,0.036,-0.001,0,2044,0,4
0.224688,0.038,-0.001,0,2045,0,4
0.27309,0.036,0.001,0,2046,0,4
0.224688,0.038,0.001,0,2047,0,4
0.772453,0.012,0.063,0,2048,0,4
0.737106,0.014,0.063,0,2049,0,4
0.772453,0.012,0.065,0,2050,0,4
0.737106,0.014,0.065,0,2051,0,4
0.175628,0.04,0.011,0,2052,0,4
0.126051,0.042,0.011,0,2053,0,4
0.175628,0.04,0.013,0,2054,0,4
0.126051,0.042,0.013,0,2055,0,4
0.700718,0.016,0.075,0,2056,0,4
0.663216,0.018,0.075,0,2057,0,4
0.700718,0.016,0.077,0,2058,0,4
0.663216,0.018,0.077,0,2059,0,4
0.0761045,0.044,0.023,0,2060,0,4
0.0259446,0.046,0.023,0,2061,0,4
0.0761045,0.044,0.025,0,2062,0,4
0.0259446,0.046,0.025,0,2063,0,4
0.624547,0.02,0.087,0,2064,0,4
0.584674,0.022,0.087,0,2065,0,4
0.624547,0.02,0.089,0,2066,0,4
0.584674,0.022,0.089,0,2067,0,4
-0.024269,0.048,0.035,0,2068,0,4
-0.0743746,0.05,0.035,0,2069,0,4
-0.024269,0.048,0.037,0,2070,0,4
-0.0743746,0.05,0.037,0,2071,0,4
0.543583,0.024,0.099,0,2072,0,4
0.501278,0.026,0.099,0,2073,0,4
0.543623,0.024,0.101,0,2074,0,4
0.501317,0.026,0.101,0,2075,0,4
-0.124211,0.052,0.047,0,2076,0,4
-0.173622,0.054,0.047,0,2077,0,4
-0.124211,0.052,0.049,0,2078,0,4
-0.173622,0.054,0.049,0,2079,0,4
-0.792035,0.084,0.007,0,2080,0,4
-0.823728,0.086,0.007,0,2081,0,4
-0.792035,0.084,0.009,0,2082,0,4
-0.823728,0.086,0.009,0,2083,0,4
-0.222455,0.056,0.059,0,2084,0,4
-0.270568,0.058,0.059,0,2085,0,4
-0.222455,0.056,0.061,0,2086,0,4
-0.270568,0.058,0.061,0,2087,0,4
-0.0242725,0.048,-0.005,0,2088,0,4
-0.0743833,0.05,-0.005,0,2089,0,4
-0.0242725,0.048,-0.003,0,2090,0,4
-0.0743833,0.05,-0.003,0,2091,0,4
-0.85453,0.088,0.019,0,2092,0,4
-0.88457,0.09,0.019,0,2093,0,4
-0.85453,0.088,0.021,0,2094,0,4
-0.88457,0.09,0.021,0,2095,0,4
-0.317827,0.06,0.071,0,2096,0,4
-0.364115,0.062,0.071,0,2097,0,4
-0.317827,0.06,0.073,0,2098,0,4
-0.364115,0.062,0.073,0,2099,0,4
-0.913986,0.092,0.031,0,2100,0,4
-0.942926,0.094,0.031,0,2101,0,4
-0.913986,0.092,0.033,0,2102,0,4
-0.942926,0.094,0.033,0,2103,0,4
-0.409326,0.064,0.083,0,2104,0,4
-0.453372,0.066,0.083,0,2105,0,4
-0.409326,0.064,0.085,0,2106,0,4
-0.453372,0.066,0.085,0,2107,0,4
0.840401,0.008,0.055,0,2108,0,4
0.80685,0.01,0.055,0,2109,0,4
0.840401,0.008,0.057,0,2110,0,4
0.80685,0.01,0.057,0,2111,0,4
0.27309,0.036,0.003,0,2112,0,4
0.224688,0.038,0.003,0,2113,0,4
0.27309,0.036,0.005,0,2114,0,4
0.224688,0.038,0.005,0,2115,0,4
0.772453,0.012,0.067,0,2116,0,4
0.737106,0.014,0.067,0,2117,0,4
0.772453,0.012,0.069,0,2118,0,4
0.737106,0.014,0.069,0,2119,0,4
0.175628,0.04,0.015,0,2120,0,4
0.126051,0.042,0.015,0,2121,0,4
0.175628,0.04,0.017,0,2122,0,4
0.126051,0.042,0.017,0,2123,0,4
0.700718,0.016,0.079,0,2124,0,4
0.663216,0.018,0.079,0,2125,0,4
0.700718,0.016,0.081,0,2126,0,4
0.663216,0.018,0.081,0,2127,0,4
0.0761045,0.044,0.027,0,2128,0,4
0.0259446,0.046,0.027,0,2129,0,4
0.0761045,0.044,0.029,0,2130,0,4
0.0259446,0.046,0.029,0,2131,0,4
0.624547,0.02,0.091,0,2132,0,4
0.584674,0.022,0.091,0,2133,0,4
0.624547,0.02,0.093,0,2134,0,4
0.584674,0.022,0.093,0,2135,0,4
-0.024269,0.048,0.039,0,2136,0,4
-0.0743746,0.05,0.039,0,2137,0,4
-0.024269,0.048,0.041,0,2138,0,4
-0.0743746,0.05,0.041,0,2139,0,4
0.543623,0.024,0.103,0,2140,0,4
0.501317,0.026,0.103,0,2141,0,4
-0.725537,0.08,-0.001,0,2142,0,4
-0.759338,0.082,-0.001,0,2143,0,4
-0.725537,0.08,0.001,0,2144,0,4
-0.759338,0.082,0.001,0,2145,0,4
-0.124211,0.052,0.051,0,2146,0,4
-0.173622,0.054,0.051,0,2147,0,4
-0.124211,0.052,0.053,0,2148,0,4
-0.173622,0.054,0.053,0,2149,0,4
-0.792035,0.084,0.011,0,2150,0,4
-0.823728,0.086,0.011,0,2151,0,4
-0.792035,0.084,0.013,0,2152,0,4
-0.823728,0.086,0.013,0,2153,0,4
-0.222455,0.056,0.063,0,2154,0,4
-0.270568,0.058,0.063,0,2155,0,4
-0.222455,0.056,0.065,0,2156,0,4
-0.270568,0.058,0.065,0,2157,0,4
-0.85453,0.088,0.023,0,2158,0,4
-0.88457,0.09,0.023,0,2159,0,4
-0.85453,0.088,0.025,0,2160,0,4
-0.88457,0.09,0.025,0,2161,0,4
-0.317827,0.06,0.075,0,2162,0,4
-0.364115,0.062,0.075,0,2163,0,4
-0.317827,0.06,0.077,0,2164,0,4
-0.364115,0.062,0.077,0,2165,0,4
-0.913986,0.092,0.035,0,2166,0,4
-0.942926,0.094,0.035,0,2167,0,4
-0.913986,0.092,0.037,0,2168,0,4
-0.942926,0.094,0.037,0,2169,0,4
-0.409326,0.064,0.087,0,2170,0,4
-0.453372,0.066,0.087,0,2171,0,4
-0.409326,0.064,0.089,0,2172,0,4
-0.453372,0.066,0.089,0,2173,0,4
0.840401,0.008,0.059,0,2174,0,4
0.80685,0.01,0.059,0,2175,0,4
0.840401,0.008,0.061,0,2176,0,4
0.80685,0.01,0.061,0,2177,0,4
0.27309,0.036,0.007,0,2178,0,4
0.224688,0.038,0.007,0,2179,0,4
0.27309,0.036,0.009,0,2180,0,4
0.224688,0.038,0.009,0,2181,0,4
0.968696,0,-0.005,0,2182,0,4
0.937236,0.002,-0.005,0,2183,0,4
0.968696,0,-0.003,0,2184,0,4
0.937236,0.002,-0.003,0,2185,0,4
0.772453,0.012,0.071,0,2186,0,4
0.737106,0.014,0.071,0,2187,0,4
0.772453,0.012,0.073,0,2188,0,4
0.737106,0.014,0.073,0,2189,0,4
0.175628,0.04,0.019,0,2190,0,4
0.126051,0.042,0.019,0,2191,0,4
0.175628,0.04,0.021,0,2192,0,4
0.126051,0.042,0.021,0,2193,0,4
0.700718,0.016,0.083,0,2194,0,4
0.663216,0.018,0.083,0,2195,0,4
0.700718,0.016,0.085,0,2196,0,4
0.663216,0.018,0.085,0,2197,0,4
0.0761045,0.044,0.031,0,2198,0,4
0.0259446,0.046,0.031,0,2199,0,4
0.0761045,0.044,0.033,0,2200,0,4
0.0259446,0.046,0.033,0,2201,0,4
0.624547,0.02,0.095,0,2202,0,4
0.584674,0.022,0.095,0,2203,0,4
0.624547,0.02,0.097,0,2204,0,4
0.584674,0.022,0.097,0,2205,0,4
-0.024269,0.048,0.043,0,2206,0,4
-0.0743746,0.05,0.043,0,2207,0,4
-0.024269,0.048,0.045,0,2208,0,4
-0.0743746,0.05,0.045,0,2209,0,4
-0.725537,0.08,0.003,0,2210,0,4
-0.759338,0.082,0.003,0,2211,0,4
-0.725537,0.08,0.005,0,2212,0,4
-0.759338,0.082,0.005,0,2213,0,4
-0.124211,0.052,0.055,0,2214,0,4
-0.173622,0.054,0.055,0,2215,0,4
-0.124211,0.052,0.057,0,2216,0,4
-0.173622,0.054,0.057,0,2217,0,4
-0.792035,0.084,0.015,0,2218,0,4
-0.823728,0.086,0.015,0,2219,0,4
-0.792035,0.084,0.017,0,2220,0,4
-0.823728,0.086,0.017,0,2221,0,4
-0.222455,0.056,0.067,0,2222,0,4
-0.270568,0.058,0.067,0,2223,0,4
-0.222455,0.056,0.069,0,2224,0,4
-0.270568,0.058,0.069,0,2225,0,4
-0.85453,0.088,0.027,0,2226,0,4
-0.88457,0.09,0.027,0,2227,0,4
-0.85453,0.088,0.029,0,2228,0,4
-0.88457,0.09,0.029,0,2229,0,4
-0.317827,0.06,0.079,0,2230,0,4
-0.364115,0.062,0.079,0,2231,0,4
-0.317827,0.06,0.081,0,2232,0,4
-0.364115,0.062,0.081,0,2233,0,4
-0.913986,0.092,0.039,0,2234,0,4
-0.942926,0.094,0.039,0,2235,0,4
-0.913986,0.092,0.041,0,2236,0,4
-0.942926,0.094,0.041,0,2237,0,4
-0.409326,0.064,0.091,0,2238,0,4
-0.453372,0.066,0.091,0,2239,0,4
-0.409326,0.064,0.093,0,2240,0,4
-0.453372,0.066,0.093,0,2241,0,4
0.772453,0.012,0.051,0,2242,0,4
0.737106,0.014,0.051,0,2243,0,4
0.772453,0.012,0.053,0,2244,0,4
0.737106,0.014,0.053,0,2245,0,4
0.175628,0.04,-0.001,0,2246,0,4
0.126051,0.042,-0.001,0,2247,0,4
0.175628,0.04,0.001,0,2248,0,4
0.126051,0.042,0.001,0,2249,0,4
0.700718,0.016,0.063,0,2250,0,4
0.663216,0.018,0.063,0,2251,0,4
0.700718,0.016,0.065,0,2252,0,4
0.663216,0.018,0.065,0,2253,0,4
0.0761045,0.044,0.011,0,2254,0,4
0.0259446,0.046,0.011,0,2255,0,4
0.0761045,0.044,0.013,0,2256,0,4
0.0259446,0.046,0.013,0,2257,0,4
0.624547,0.02,0.075,0,2258,0,4
0.584674,0.022,0.075,0,2259,0,4
0.624547,0.02,0.077,0,2260,0,4
0.584674,0.022,0.077,0,2261,0,4
-0.024269,0.048,0.023,0,2262,0,4
-0.0743746,0.05,0.023,0,2263,0,4
-0.024269,0.048,0.025,0,2264,0,4
-0.0743746,0.05,0.025,0,2265,0,4
0.543583,0.024,0.087,0,2266,0,4
0.501278,0.026,0.087,0,2267,0,4
0.543583,0.024,0.089,0,2268,0,4
0.501278,0.026,0.089,0,2269,0,4
-0.124211,0.052,0.035,0,2270,0,4
-0.173622,0.054,0.035,0,2271,0,4
-0.124211,0.052,0.037,0,2272,0,4
-0.173622,0.054,0.037,0,2273,0,4
0.457784,0.028,0.099,0,2274,0,4
0.413145,0.03,0.099,0,2275,0,4
0.457821,0.028,0.101,0,2276,0,4
0.41318,0.03,0.101,0,2277,0,4
-0.222455,0.056,0.047,0,2278,0,4
-0.270568,0.058,0.047,0,2279,0,4
-0.222455,0.056,0.049,0,2280,0,4
-0.270568,0.058,0.049,0,2281,0,4
-0.85453,0.088,0.007,0,2282,0,4
-0.88457,0.09,0.007,0,2283,0,4
-0.85453,0.088,0.009,0,2284,0,4
-0.88457,0.09,0.009,0,2285,0,4
-0.317827,0.06,0.059,0,2286,0,4
-0.364115,0.062,0.059,0,2287,0,4
-0.317827,0.06,0.061,0,2288,0,4
-0.364115,0.062,0.061,0,2289,0,4
-0.124225,0.052,-0.005,0,2290,0,4
-0.173641,0.054,-0.005,0,2291,0,4
-0.124225,0.052,-0.003,0,2292,0,4
-0.173641,0.054,-0.003,0,2293,0,4
-0.913986,0.092,0.019,0,2294,0,4
-0.942926,0.094,0.019,0,2295,0,4
-0.913986,0.092,0.021,0,2296,0,4
-0.942926,0.094,0.021,0,2297,0,4
-0.409326,0.064,0.071,0,2298,0,4
-0.453372,0.066,0.071,0,2299,0,4
-0.409326,0.064,0.073,0,2300,0,4
-0.453372,0.066,0.073,0,2301,0,4
0.772453,0.012,0.055,0,2302,0,4
0.737106,0.014,0.055,0,2303,0,4
0.772453,0.012,0.057,0,2304,0,4
0.737106,0.014,0.057,0,2305,0,4
0.175628,0.04,0.003,0,2306,0,4
0.126051,0.042,0.003,0,2307,0,4
0.175628,0.04,0.005,0,2308,0,4
0.126051,0.042,0.005,0,2309,0,4
0.700718,0.016,0.067,0,2310,0,4
0.663216,0.018,0.067,0,2311,0,4
0.700718,0.016,0.069,0,2312,0,4
0.663216,0.018,0.069,0,2313,0,4
0.0761045,0.044,0.015,0,2314,0,4
0.0259446,0.046,0.015,0,2315,0,4
0.0761045,0.044,0.017,0,2316,0,4
0.0259446,0.046,0.017,0,2317,0,4
0.624547,0.02,0.079,0,2318,0,4
0.584674,0.022,0.079,0,2319,0,4
0.624547,0.02,0.081,0,2320,0,4
0.584674,0.022,0.081,0,2321,0,4
-0.024269,0.048,0.027,0,2322,0,4
-0.0743746,0.05,0.027,0,2323,0,4
-0.024269,0.048,0.029,0,2324,0,4
-0.0743746,0.05,0.029,0,2325,0,4
0.543583,0.024,0.091,0,2326,0,4
0.501278,0.026,0.091,0,2327,0,4
0.543583,0.024,0.093,0,2328,0,4
0.501278,0.026,0.093,0,2329,0,4
-0.124211,0.052,0.039,0,2330,0,4
-0.173622,0.054,0.039,0,2331,0,4
-0.124211,0.052,0.041,0,2332,0,4
-0.173622,0.054,0.041,0,2333,0,4
0.457821,0.028,0.103,0,2334,0,4
0.41318,0.03,0.103,0,2335,0,4
-0.792035,0.084,-0.001,0,2336,0,4
-0.823728,0.086,-0.001,0,2337,0,4
-0.792035,0.084,0.001,0,2338,0,4
-0.823728,0.086,0.001,0,2339,0,4
-0.222455,0.056,0.051,0,2340,0,4
-0.270568,0.058,0.051,0,2341,0,4
-0.222455,0.056,0.053,0,2342,0,4
-0.270568,0.058,0.053,0,2343,0,4
-0.85453,0.088,0.011,0,2344,0,4
-0.88457,0.09,0.011,0,2345,0,4
-0.85453,0.088,0.013,0,2346,0,4
-0.88457,0.09,0.013,0,2347,0,4
-0.317827,0.06,0.063,0,2348,0,4
-0.364115,0.062,0.063,0,2349,0,4
-0.317827,0.06,0.065,0,2350,0,4
-0.364115,0.062,0.065,0,2351,0,4
-0.913986,0.092,0.023,0,2352,0,4
-0.942926,0.094,0.023,0,2353,0,4
-0.913986,0.092,0.025,0,2354,0,4
-0.942926,0.094,0.025,0,2355,0,4
-0.409326,0.064,0.075,0,2356,0,4
-0.453372,0.066,0.075,0,2357,0,4
-0.409326,0.064,0.077,0,2358,0,4
-0.453372,0.066,0.077,0,2359,0,4
0.772453,0.012,0.059,0,2360,0,4
0.737106,0.014,0.059,0,2361,0,4
0.772453,0.012,0.061,0,2362,0,4
0.737106,0.014,0.061,0,2363,0,4
0.175628,0.04,0.007,0,2364,0,4
0.126051,0.042,0.007,0,2365,0,4
0.175628,0.04,0.009,0,2366,0,4
0.126051,0.042,0.009,0,2367,0,4
0.905468,0.004,-0.005,0,2368,0,4
0.873245,0.006,-0.005,0,2369,0,4
0.905468,0.004,-0.003,0,2370,0,4
0.873245,0.006,-0.003,0,2371,0,4
0.700718,0.016,0.071,0,2372,0,4
0.663216,0.018,0.071,0,2373,0,4
0.700718,0.016,0.073,0,2374,0,4
0.663216,0.018,0.073,0,2375,0,4
0.0761045,0.044,0.019,0,2376,0,4
0.0259446,0.046,0.019,0,2377,0,4
0.0761045,0.044,0.021,0,2378,0,4
0.0259446,0.046,0.021,0,2379,0,4
0.624547,0.02,0.083,0,2380,0,4
0.584674,0.022,0.083,0,2381,0,4
0.624547,0.02,0.085,0,2382,0,4
0.584674,0.022,0.085,0,2383,0,4
-0.024269,0.048,0.031,0,2384,0,4
-0.0743746,0.05,0.031,0,2385,0,4
-0.024269,0.048,0.033,0,2386,0,4
-0.0743746,0.05,0.033,0,2387,0,4
0.543583,0.024,0.095,0,2388,0,4
0.501278,0.026,0.095,0,2389,0,4
0.543583,0.024,0.097,0,2390,0,4
0.501278,0.026,0.097,0,2391,0,4
-0.124211,0.052,0.043,0,2392,0,4
-0.173622,0.054,0.043,0,2393,0,4
-0.124211,0.052,0.045,0,2394,0,4
-0.173622,0.054,0.045,0,2395,0,4
-0.792035,0.084,0.003,0,2396,0,4
-0.823728,0.086,0.003,0,2397,0,4
-0.792035,0.084,0.005,0,2398,0,4
-0.823728,0.086,0.005,0,2399,0,4
-0.222455,0.056,0.055,0,2400,0,4
-0.270568,0.058,0.055,0,2401,0,4
-0.222455,0.056,0.057,0,2402,0,4
-0.270568,0.058,0.057,0,2403,0,4
-0.85453,0.088,0.015,0,2404,0,4
-0.88457,0.09,0.015,0,2405,0,4
-0.85453,0.088,0.017,0,2406,0,4
-0.88457,0.09,0.017,0,2407,0,4
-0.317827,0.06,0.067,0,2408,0,4
-0.364115,0.062,0.067,0,2409,0,4
-0.317827,0.06,0.069,0,2410,0,4
-0.364115,0.062,0.069,0,2411,0,4
-0.913986,0.092,0.027,0,2412,0,4
-0.942926,0.094,0.027,0,2413,0,4
-0.913986,0.092,0.029,0,2414,0,4
-0.942926,0.094,0.029,0,2415,0,4
-0.409326,0.064,0.079,0,2416,0,4
-0.453372,0.066,0.079,0,2417,0,4
-0.409326,0.064,0.081,0,2418,0,4
-0.453372,0.066,0.081,0,2419,0,4
0.700718,0.016,0.051,0,2420,0,4
0.663216,0.018,0.051,0,2421,0,4
0.700718,0.016,0.053,0,2422,0,4
0.663216,0.018,0.053,0,2423,0,4
0.0761045,0.044,-0.001,0,2424,0,4
0.0259446,0.046,-0.001,0,2425,0,4
0.0761045,0.044,0.001,0,2426,0,4
0.0259446,0.046,0.001,0,2427,0,4
0.624547,0.02,0.063,0,2428,0,4
0.584674,0.022,0.063,0,2429,0,4
0.624547,0.02,0.065,0,2430,0,4
0.584674,0.022,0.065,0,2431,0,4
-0.024269,0.048,0.011,0,2432,0,4
-0.0743746,0.05,0.011,0,2433,0,4
-0.024269,0.048,0.013,0,2434,0,4
-0.0743746,0.05,0.013,0,2435,0,4
0.543583,0.024,0.075,0,2436,0,4
0.501278,0.026,0.075,0,2437,0,4
0.543583,0.024,0.077,0,2438,0,4
0.501278,0.026,0.077,0,2439,0,4
-0.124211,0.052,0.023,0,2440,0,4
-0.173622,0.054,0.023,0,2441,0,4
-0.124211,0.052,0.025,0,2442,0,4
-0.173622,0.054,0.025,0,2443,0,4
0.457784,0.028,0.087,0,2444,0,4
0.413145,0.03,0.087,0,2445,0,4
0.457784,0.028,0.089,0,2446,0,4
0.413145,0.03,0.089,0,2447,0,4
-0.222455,0.056,0.035,0,2448,0,4
-0.270568,0.058,0.035,0,2449,0,4
-0.222455,0.056,0.037,0,2450,0,4
-0.270568,0.058,0.037,0,2451,0,4
0.367426,0.032,0.099,0,2452,0,4
0.320708,0.034,0.099,0,2453,0,4
0.367458,0.032,0.101,0,2454,0,4
0.320737,0.034,0.101,0,2455,0,4
-0.317827,0.06,0.047,0,2456,0,4
-0.364115,0.062,0.047,0,2457,0,4
-0.317827,0.06,0.049,0,2458,0,4
-0.364115,0.062,0.049,0,2459,0,4
-0.913986,0.092,0.007,0,2460,0,4
-0.942926,0.094,0.007,0,2461,0,4
-0.913986,0.092,0.009,0,2462,0,4
-0.942926,0.094,0.009,0,2463,0,4
-0.409326,0.064,0.059,0,2464,0,4
-0.453372,0.066,0.059,0,2465,0,4
-0.409326,0.064,0.061,0,2466,0,4
-0.453372,0.066,0.061,0,2467,0,4
0.700718,0.016,0.055,0,2468,0,4
0.663216,0.018,0.055,0,2469,0,4
0.700718,0.016,0.057,0,2470,0,4
0.663216,0.018,0.057,0,2471,0,4
0.0761045,0.044,0.003,0,2472,0,4
0.0259446,0.046,0.003,0,2473,0,4
0.0761045,0.044,0.005,0,2474,0,4
0.0259446,0.046,0.005,0,2475,0,4
0.624547,0.02,0.067,0,2476,0,4
0.584674,0.022,0.067,0,2477,0,4
0.624547,0.02,0.069,0,2478,0,4
0.584674,0.022,0.069,0,2479,0,4
-0.024269,0.048,0.015,0,2480,0,4
-0.0743746,0.05,0.015,0,2481,0,4
-0.024269,0.048,0.017,0,2482,0,4
-0.0743746,0.05,0.017,0,2483,0,4
0.543583,0.024,0.079,0,2484,0,4
0.501278,0.026,0.079,0,2485,0,4
0.543583,0.024,0.081,0,2486,0,4
0.501278,0.026,0.081,0,2487,0,4
-0.124211,0.052,0.027,0,2488,0,4
-0.173622,0.054,0.027,0,2489,0,4
-0.124211,0.052,0.029,0,2490,0,4
-0.173622,0.054,0.029,0,2491,0,4
0.457784,0.028,0.091,0,2492,0,4
0.413145,0.03,0.091,0,2493,0,4
0.457784,0.028,0.093,0,2494,0,4
0.413145,0.03,0.093,0,2495,0,4
-0.222455,0.056,0.039,0,2496,0,4
-0.270568,0.058,0.039,0,2497,0,4
-0.222455,0.056,0.041,0,2498,0,4
-0.270568,0.058,0.041,0,2499,0,4
0.367458,0.032,0.103,0,2500,0,4
0.320737,0.034,0.103,0,2501,0,4
-0.85453,0.088,-0.001,0,2502,0,4
-0.88457,0.09,-0.001,0,2503,0,4
-0.85453,0.088,0.001,0,2504,0,4
-0.88457,0.09,0.001,0,2505,0,4
-0.317827,0.06,0.051,0,2506,0,4
-0.364115,0.062,0.051,0,2507,0,4
-0.317827,0.06,0.053,0,2508,0,4
-0.364115,0.062,0.053,0,2509,0,4
-0.913986,0.092,0.011,0,2510,0,4
-0.942926,0.094,0.011,0,2511,0,4
-0.913986,0.092,0.013,0,2512,0,4
-0.942926,0.094,0.013,0,2513,0,4
-0.409326,0.064,0.063,0,2514,0,4
-0.453372,0.066,0.063,0,2515,0,4
-0.409326,0.064,0.065,0,2516,0,4
-0.453372,0.066,0.065,0,2517,0,4
0.700718,0.016,0.059,0,2518,0,4
0.663216,0.018,0.059,0,2519,0,4
0.700718,0.016,0.061,0,2520,0,4
0.663216,0.018,0.061,0,2521,0,4
0.0761045,0.044,0.007,0,2522,0,4
0.0259446,0.046,0.007,0,2523,0,4
0.0761045,0.044,0.009,0,2524,0,4
0.0259446,0.046,0.009,0,2525,0,4
0.840425,0.008,-0.005,0,2526,0,4
0.806878,0.01,-0.005,0,2527,0,4
0.840425,0.008,-0.003,0,2528,0,4
0.806878,0.01,-0.003,0,2529,0,4
0.624547,0.02,0.071,0,2530,0,4
0.584674,0.022,0.071,0,2531,0,4
0.624547,0.02,0.073,0,2532,0,4
0.584674,0.022,0.073,0,2533,0,4
-0.024269,0.048,0.019,0,2534,0,4
-0.0743746,0.05,0.019,0,2535,0,4
-0.024269,0.048,0.021,0,2536,0,4
-0.0743746,0.05,0.021,0,2537,0,4
0.543583,0.024,0.083,0,2538,0,4
0.501278,0.026,0.083,0,2539,0,4
0.543583,0.024,0.085,0,2540,0,4
0.501278,0.026,0.085,0,2541,0,4
-0.124211,0.052,0.031,0,2542,0,4
-0.173622,0.054,0.031,0,2543,0,4
-0.124211,0.052,0.033,0,2544,0,4
-0.173622,0.054,0.033,0,2545,0,4
0.457784,0.028,0.095,0,2546,0,4
0.413145,0.03,0.095,0,2547,0,4
0.457784,0.028,0.097,0,2548,0,4
0.413145,0.03,0.097,0,2549,0,4
-0.222455,0.056,0.043,0,2550,0,4
-0.270568,0.058,0.043,0,2551,0,4
-0.222455,0.056,0.045,0,2552,0,4
-0.270568,0.058,0.045,0,2553,0,4
-0.85453,0.088,0.003,0,2554,0,4
-0.88457,0.09,0.003,0,2555,0,4
-0.85453,0.088,0.005,0,2556,0,4
-0.88457,0.09,0.005,0,2557,0,4
-0.317827,0.06,0.055,0,2558,0,4
-0.364115,0.062,0.055,0,2559,0,4
-0.317827,0.06,0.057,0,2560,0,4
-0.364115,0.062,0.057,0,2561,0,4
-0.913986,0.092,0.015,0,2562,0,4
-0.942926,0.094,0.015,0,2563,0,4
-0.913986,0.092,0.017,0,2564,0,4
-0.942926,0.094,0.017,0,2565,0,4
-0.409326,0.064,0.067,0,2566,0,4
-0.453372,0.066,0.067,0,2567,0,4
-0.409326,0.064,0.069,0,2568,0,4
-0.453372,0.066,0.069,0,2569,0,4
0.624547,0.02,0.051,0,2570,0,4
0.584674,0.022,0.051,0,2571,0,4
0.624547,0.02,0.053,0,2572,0,4
0.584674,0.022,0.053,0,2573,0,4
-0.024269,0.048,-0.001,0,2574,0,4
-0.0743746,0.05,-0.001,0,2575,0,4
-0.024269,0.048,0.001,0,2576,0,4
-0.0743746,0.05,0.001,0,2577,0,4
0.543583,0.024,0.063,0,2578,0,4
0.501278,0.026,0.063,0,2579,0,4
0.543583,0.024,0.065,0,2580,0,4
0.501278,0.026,0.065,0,2581,0,4
-0.124211,0.052,0.011,0,2582,0,4
-0.173622,0.054,0.011,0,2583,0,4
-0.124211,0.052,0.013,0,2584,0,4
-0.173622,0.054,0.013,0,2585,0,4
0.457784,0.028,0.075,0,2586,0,4
0.413145,0.03,0.075,0,2587,0,4
0.457784,0.028,0.077,0,2588,0,4
0.413145,0.03,0.077,0,2589,0,4
-0.222455,0.056,0.023,0,2590,0,4
-0.270568,0.058,0.023,0,2591,0,4
-0.222455,0.056,0.025,0,2592,0,4
-0.270568,0.058,0.025,0,2593,0,4
0.367426,0.032,0.087,0,2594,0,4
0.320708,0.034,0.087,0,2595,0,4
0.367426,0.032,0.089,0,2596,0,4
0.320708,0.034,0.089,0,2597,0,4
-0.317827,0.06,0.035,0,2598,0,4
-0.364115,0.062,0.035,0,2599,0,4
-0.317827,0.06,0.037,0,2600,0,4
-0.364115,0.062,0.037,0,2601,0,4
0.27309,0.036,0.099,0,2602,0,4
0.224688,0.038,0.099,0,2603,0,4
0.273116,0.036,0.101,0,2604,0,4
0.224709,0.038,0.101,0,2605,0,4
-0.409326,0.064,0.047,0,2606,0,4
-0.453372,0.066,0.047,0,2607,0,4
-0.409326,0.064,0.049,0,2608,0,4
-0.453372,0.066,0.049,0,2609,0,4
0.624547,0.02,0.055,0,2610,0,4
0.584674,0.022,0.055,0,2611,0,4
0.624547,0.02,0.057,0,2612,0,4
0.584674,0.022,0.057,0,2613,0,4
-0.024269,0.048,0.003,0,2614,0,4
-0.0743746,0.05,0.003,0,2615,0,4
-0.024269,0.048,0.005,0,2616,0,4
-0.0743746,0.05,0.005,0,2617,0,4
0.543583,0.024,0.067,0,2618,0,4
0.501278,0.026,0.067,0,2619,0,4
0.543583,0.024,0.069,0,2620,0,4
0.501278,0.026,0.069,0,2621,0,4
-0.124211,0.052,0.015,0,2622,0,4
-0.173622,0.054,0.015,0,2623,0,4
-0.124211,0.052,0.017,0,2624,0,4
-0.173622,0.054,0.017,0,2625,0,4
0.457784,0.028,0.079,0,2626,0,4
0.413145,0.03,0.079,0,2627,0,4
0.457784,0.028,0.081,0,2628,0,4
0.413145,0.03,0.081,0,2629,0,4
-0.222455,0.056,0.027,0,2630,0,4
-0.270568,0.058,0.027,0,2631,0,4
-0.222455,0.056,0.029,0,2632,0,4
-0.270568,0.058,0.029,0,2633,0,4
0.367426,0.032,0.091,0,2634,0,4
0.320708,0.034,0.091,0,2635,0,4
0.367426,0.032,0.093,0,2636,0,4
0.320708,0.034,0.093,0,2637,0,4
-0.317827,0.06,0.039,0,2638,0,4
-0.364115,0.062,0.039,0,2639,0,4
-0.317827,0.06,0.041,0,2640,0,4
-0.364115,0.062,0.041,0,2641,0,4
0.273116,0.036,0.103,0,2642,0,4
0.224709,0.038,0.103,0,2643,0,4
-0.913986,0.092,-0.001,0,2644,0,4
-0.942926,0.094,-0.001,0,2645,0,4
-0.913986,0.092,0.001,0,2646,0,4
-0.942926,0.094,0.001,0,2647,0,4
-0.409326,0.064,0.051,0,2648,0,4
-0.453372,0.066,0.051,0,2649,0,4
-0.409326,0.064,0.053,0,2650,0,4
-0.453372,0.066,0.053,0,2651,0,4
0.624547,0.02,0.059,0,2652,0,4
0.584674,0.022,0.059,0,2653,0,4
0.624547,0.02,0.061,0,2654,0,4
0.584674,0.022,0.061,0,2655,0,4
-0.024269,0.048,0.007,0,2656,0,4
-0.0743746,0.05,0.007,0,2657,0,4
-0.024269,0.048,0.009,0,2658,0,4
-0.0743746,0.05,0.009,0,2659,0,4
0.772485,0.012,-0.005,0,2660,0,4
0.73714,0.014,-0.005,0,2661,0,4
0.772485,0.012,-0.003,0,2662,0,4
0.73714,0.014,-0.003,0,2663,0,4
0.543583,0.024,0.071,0,2664,0,4
0.501278,0.026,0.071,0,2665,0,4
0.543583,0.024,0.073,0,2666,0,4
0.501278,0.026,0.073,0,2667,0,4
-0.124211,0.052,0.019,0,2668,0,4
-0.173622,0.054,0.019,0,2669,0,4
-0.124211,0.052,0.021,0,2670,0,4
-0.173622,0.054,0.021,0,2671,0,4
0.457784,0.028,0.083,0,2672,0,4
0.413145,0.03,0.083,0,2673,0,4
0.457784,0.028,0.085,0,2674,0,4
0.413145,0.03,0.085,0,2675,0,4
-0.222455,0.056,0.031,0,2676,0,4
-0.270568,0.058,0.031,0,2677,0,4
-0.222455,0.056,0.033,0,2678,0,4
-0.270568,0.058,0.033,0,2679,0,4
0.367426,0.032,0.095,0,2680,0,4
0.320708,0.034,0.095,0,2681,0,4
0.367426,0.032,0.097,0,2682,0,4
0.320708,0.034,0.097,0,2683,0,4
-0.317827,0.06,0.043,0,2684,0,4
-0.364115,0.062,0.043,0,2685,0,4
-0.317827,0.06,0.045,0,2686,0,4
-0.364115,0.062,0.045,0,2687,0,4
-0.913986,0.092,0.003,0,2688,0,4
-0.942926,0.094,0.003,0,2689,0,4
-0.913986,0.092,0.005,0,2690,0,4
-0.942926,0.094,0.005,0,2691,0,4
-0.409326,0.064,0.055,0,2692,0,4
-0.453372,0.066,0.055,0,2693,0,4
-0.409326,0.064,0.057,0,2694,0,4
-0.453372,0.066,0.057,0,2695,0,4
1,-0.002,0.103,0,2696,0,4
0.543583,0.024,0.051,0,2697,0,4
0.501278,0.026,0.051,0,2698,0,4
0.543583,0.024,0.053,0,2699,0,4
0.501278,0.026,0.053,0,2700,0,4
-0.124211,0.052,-0.001,0,2701,0,4
-0.173622,0.054,-0.001,0,2702,0,4
-0.124211,0.052,0.001,0,2703,0,4
-0.173622,0.054,0.001,0,2704,0,4
0.457784,0.028,0.063,0,2705,0,4
0.413145,0.03,0.063,0,2706,0,4
0.457784,0.028,0.065,0,2707,0,4
0.413145,0.03,0.065,0,2708,0,4
-0.222455,0.056,0.011,0,2709,0,4
-0.270568,0.058,0.011,0,2710,0,4
-0.222455,0.056,0.013,0,2711,0,4
-0.270568,0.058,0.013,0,2712,0,4
0.367426,0.032,0.075,0,2713,0,4
0.320708,0.034,0.075,0,2714,0,4
0.367426,0.032,0.077,0,2715,0,4
0.320708,0.034,0.077,0,2716,0,4
-0.317827,0.06,0.023,0,2717,0,4
-0.364115,0.062,0.023,0,2718,0,4
-0.317827,0.06,0.025,0,2719,0,4
-0.364115,0.062,0.025,0,2720,0,4
0.27309,0.036,0.087,0,2721,0,4
0.224688,0.038,0.087,0,2722,0,4
0.27309,0.036,0.089,0,2723,0,4
0.224688,0.038,0.089,0,2724,0,4
-0.409326,0.064,0.035,0,2725,0,4
-0.453372,0.066,0.035,0,2726,0,4
-0.409326,0.064,0.037,0,2727,0,4
-0.453372,0.066,0.037,0,2728,0,4
0.175628,0.04,0.099,0,2729,0,4
0.126051,0.042,0.099,0,2730,0,4
0.175645,0.04,0.101,0,2731,0,4
0.126063,0.042,0.101,0,2732,0,4
-0.496181,0.068,0.047,0,2733,0,4
-0.537702,0.07,0.047,0,2734,0,4
-0.496181,0.068,0.049,0,2735,0,4
-0.537702,0.07,0.049,0,2736,0,4
0.543583,0.024,0.055,0,2737,0,4
0.501278,0.026,0.055,0,2738,0,4
0.543583,0.024,0.057,0,2739,0,4
0.501278,0.026,0.057,0,2740,0,4
-0.124211,0.052,0.003,0,2741,0,4
-0.173622,0.054,0.003,0,2742,0,4
-0.124211,0.052,0.005,0,2743,0,4
-0.173622,0.054,0.005,0,2744,0,4
0.457784,0.028,0.067,0,2745,0,4
0.413145,0.03,0.067,0,2746,0,4
0.457784,0.028,0.069,0,2747,0,4
0.413145,0.03,0.069,0,2748,0,4
-0.222455,0.056,0.015,0,2749,0,4
-0.270568,0.058,0.015,0,2750,0,4
-0.222455,0.056,0.017,0,2751,0,4
-0.270568,0.058,0.017,0,2752,0,4
0.367426,0.032,0.079,0,2753,0,4
0.320708,0.034,0.079,0,2754,0,4
0.367426,0.032,0.081,0,2755,0,4
0.320708,0.034,0.081,0,2756,0,4
-0.317827,0.06,0.027,0,2757,0,4
-0.364115,0.062,0.027,0,2758,0,4
-0.317827,0.06,0.029,0,2759,0,4
-0.364115,0.062,0.029,0,2760,0,4
0.27309,0.036,0.091,0,2761,0,4
0.224688,0.038,0.091,0,2762,0,4
0.27309,0.036,0.093,0,2763,0,4
0.224688,0.038,0.093,0,2764,0,4
-0.409326,0.064,0.039,0,2765,0,4
-0.453372,0.066,0.039,0,2766,0,4
-0.409326,0.064,0.041,0,2767,0,4
-0.453372,0.066,0.041,0,2768,0,4
0.543583,0.024,0.059,0,2769,0,4
0.501278,0.026,0.059,0,2770,0,4
0.543583,0.024,0.061,0,2771,0,4
0.501278,0.026,0.061,0,2772,0,4
-0.124211,0.052,0.007,0,2773,0,4
-0.173622,0.054,0.007,0,2774,0,4
-0.124211,0.052,0.009,0,2775,0,4
-0.173622,0.054,0.009,0,2776,0,4
0.700754,0.016,-0.005,0,2777,0,4
0.663254,0.018,-0.005,0,2778,0,4
0.700754,0.016,-0.003,0,2779,0,4
0.663254,0.018,-0.003,0,2780,0,4
0.457784,0.028,0.071,0,2781,0,4
0.413145,0.03,0.071,0,2782,0,4
0.457784,0.028,0.073,0,2783,0,4
0.413145,0.03,0.073,0,2784,0,4
-0.222455,0.056,0.019,0,2785,0,4
-0.270568,0.058,0.019,0,2786,0,4
-0.222455,0.056,0.021,0,2787,0,4
-0.270568,0.058,0.021,0,2788,0,4
0.367426,0.032,0.083,0,2789,0,4
0.320708,0.034,0.083,0,2790,0,4
0.367426,0.032,0.085,0,2791,0,4
0.320708,0.034,0.085,0,2792,0,4
-0.317827,0.06,0.031,0,2793,0,4
-0.364115,0.062,0.031,0,2794,0,4
-0.317827,0.06,0.033,0,2795,0,4
-0.364115,0.062,0.033,0,2796,0,4
0.27309,0.036,0.095,0,2797,0,4
0.224688,0.038,0.095,0,2798,0,4
0.27309,0.036,0.097,0,2799,0,4
0.224688,0.038,0.097,0,2800,0,4
-0.409326,0.064,0.043,0,2801,0,4
-0.453372,0.066,0.043,0,2802,0,4
-0.409326,0.064,0.045,0,2803,0,4
-0.453372,0.066,0.045,0,2804,0,4
0.968696,0,0.103,0,2805,0,4
0.937236,0.002,0.103,0,2806,0,4
0.457784,0.028,0.051,0,2807,0,4
0.413145,0.03,0.051,0,2808,0,4
0.457784,0.028,0.053,0,2809,0,4
0.413145,0.03,0.053,0,2810,0,4
-0.222455,0.056,-0.001,0,2811,0,4
-0.270568,0.058,-0.001,0,2812,0,4
-0.222455,0.056,0.001,0,2813,0,4
-0.270568,0.058,0.001,0,2814,0,4
0.367426,0.032,0.063,0,2815,0,4
0.320708,0.034,0.063,0,2816,0,4
0.367426,0.032,0.065,0,2817,0,4
0.320708,0.034,0.065,0,2818,0,4
-0.317827,0.06,0.011,0,2819,0,4
-0.364115,0.062,0.011,0,2820,0,4
-0.317827,0.06,0.013,0,2821,0,4
-0.364115,0.062,0.013,0,2822,0,4
0.27309,0.036,0.075,0,2823,0,4
0.224688,0.038,0.075,0,2824,0,4
0.27309,0.036,0.077,0,2825,0,4
0.224688,0.038,0.077,0,2826,0,4
-0.409326,0.064,0.023,0,2827,0,4
-0.453372,0.066,0.023,0,2828,0,4
-0.409326,0.064,0.025,0,2829,0,4
-0.453372,0.066,0.025,0,2830,0,4
0.175628,0.04,0.087,0,2831,0,4
0.126051,0.042,0.087,0,2832,0,4
0.175628,0.04,0.089,0,2833,0,4
0.126051,0.042,0.089,0,2834,0,4
-0.496181,0.068,0.035,0,2835,0,4
-0.537702,0.07,0.035,0,2836,0,4
-0.496181,0.068,0.037,0,2837,0,4
-0.537702,0.07,0.037,0,2838,0,4
0.457784,0.028,0.055,0,2839,0,4
0.413145,0.03,0.055,0,2840,0,4
0.457784,0.028,0.057,0,2841,0,4
0.413145,0.03,0.057,0,2842,0,4
-0.222455,0.056,0.003,0,2843,0,4
-0.270568,0.058,0.003,0,2844,0,4
-0.222455,0.056,0.005,0,2845,0,4
-0.270568,0.058,0.005,0,2846,0,4
0.367426,0.032,0.067,0,2847,0,4
0.320708,0.034,0.067,0,2848,0,4
0.367426,0.032,0.069,0,2849,0,4
0.320708,0.034,0.069,0,2850,0,4
-0.317827,0.06,0.015,0,2851,0,4
-0.364115,0.062,0.015,0,2852,0,4
-0.317827,0.06,0.017,0,2853,0,4
-0.364115,0.062,0.017,0,2854,0,4
0.27309,0.036,0.079,0,2855,0,4
0.224688,0.038,0.079,0,2856,0,4
0.27309,0.036,0.081,0,2857,0,4
0.224688,0.038,0.081,0,2858,0,4
-0.409326,0.064,0.027,0,2859,0,4
-0.453372,0.066,0.027,0,2860,0,4
-0.409326,0.064,0.029,0,2861,0,4
-0.453372,0.066,0.029,0,2862,0,4
0.175628,0.04,0.091,0,2863,0,4
0.126051,0.042,0.091,0,2864,0,4
0.175628,0.04,0.093,0,2865,0,4
0.126051,0.042,0.093,0,2866,0,4
-0.496181,0.068,0.039,0,2867,0,4
-0.537702,0.07,0.039,0,2868,0,4
-0.496181,0.068,0.041,0,2869,0,4
-0.537702,0.07,0.041,0,2870,0,4
0.457784,0.028,0.059,0,2871,0,4
0.413145,0.03,0.059,0,2872,0,4
0.457784,0.028,0.061,0,2873,0,4
0.413145,0.03,0.061,0,2874,0,4
-0.222455,0.056,0.007,0,2875,0,4
-0.270568,0.058,0.007,0,2876,0,4
-0.222455,0.056,0.009,0,2877,0,4
-0.270568,0.058,0.009,0,2878,0,4
0.624586,0.02,-0.005,0,2879,0,4
0.584714,0.022,-0.005,0,2880,0,4
0.624586,0.02,-0.003,0,2881,0,4
0.584714,0.022,-0.003,0,2882,0,4
0.367426,0.032,0.071,0,2883,0,4
0.320708,0.034,0.071,0,2884,0,4
0.367426,0.032,0.073,0,2885,0,4
0.320708,0.034,0.073,0,2886,0,4
-0.317827,0.06,0.019,0,2887,0,4
-0.364115,0.062,0.019,0,2888,0,4
-0.317827,0.06,0.021,0,2889,0,4
-0.364115,0.062,0.021,0,2890,0,4
0.27309,0.036,0.083,0,2891,0,4
0.224688,0.038,0.083,0,2892,0,4
0.27309,0.036,0.085,0,2893,0,4
0.224688,0.038,0.085,0,2894,0,4
-0.409326,0.064,0.031,0,2895,0,4
-0.453372,0.066,0.031,0,2896,0,4
-0.409326,0.064,0.033,0,2897,0,4
-0.453372,0.066,0.033,0,2898,0,4
0.175628,0.04,0.095,0,2899,0,4
0.126051,0.042,0.095,0,2900,0,4
0.175628,0.04,0.097,0,2901,0,4
0.126051,0.042,0.097,0,2902,0,4
-0.496181,0.068,0.043,0,2903,0,4
-0.537702,0.07,0.043,0,2904,0,4
-0.496181,0.068,0.045,0,2905,0,4
-0.537702,0.07,0.045,0,2906,0,4
0.905468,0.004,0.103,0,2907,0,4
0.873245,0.006,0.103,0,2908,0,4
0.367426,0.032,0.051,0,2909,0,4
0.320708,0.034,0.051,0,2910,0,4
0.367426,0.032,0.053,0,2911,0,4
0.320708,0.034,0.053,0,2912,0,4
-0.317827,0.06,-0.001,0,2913,0,4
-0.364115,0.062,-0.001,0,2914,0,4
-0.317827,0.06,0.001,0,2915,0,4
-0.364115,0.062,0.001,0,2916,0,4
0.27309,0.036,0.063,0,2917,0,4
0.224688,0.038,0.063,0,2918,0,4
0.27309,0.036,0.065,0,2919,0,4
0.224688,0.038,0.065,0,2920,0,4
-0.409326,0.064,0.011,0,2921,0,4
-0.453372,0.066,0.011,0,2922,0,4
-0.409326,0.064,0.013,0,2923,0,4
-0.453372,0.066,0.013,0,2924,0,4
0.175628,0.04,0.075,0,2925,0,4
0.126051,0.042,0.075,0,2926,0,4
0.175628,0.04,0.077,0,2927,0,4
0.126051,0.042,0.077,0,2928,0,4
-0.496181,0.068,0.023,0,2929,0,4
-0.537702,0.07,0.023,0,2930,0,4
-0.496181,0.068,0.025,0,2931,0,4
-0.537702,0.07,0.025,0,2932,0,4
0.367426,0.032,0.055,0,2933,0,4
0.320708,0.034,0.055,0,2934,0,4
0.367426,0.032,0.057,0,2935,0,4
0.320708,0.034,0.057,0,2936,0,4
-0.317827,0.06,0.003,0,2937,0,4
-0.364115,0.062,0.003,0,2938,0,4
-0.317827,0.06,0.005,0,2939,0,4
-0.364115,0.062,0.005,0,2940,0,4
0.27309,0.036,0.067,0,2941,0,4
0.224688,0.038,0.067,0,2942,0,4
0.27309,0.036,0.069,0,2943,0,4
0.224688,0.038,0.069,0,2944,0,4
-0.409326,0.064,0.015,0,2945,0,4
-0.453372,0.066,0.015,0,2946,0,4
-0.409326,0.064,0.017,0,2947,0,4
-0.453372,0.066,0.017,0,2948,0,4
0.175628,0.04,0.079,0,2949,0,4
0.126051,0.042,0.079,0,2950,0,4
0.175628,0.04,0.081,0,2951,0,4
0.126051,0.042,0.081,0,2952,0,4
-0.496181,0.068,0.027,0,2953,0,4
-0.537702,0.07,0.027,0,2954,0,4
-0.496181,0.068,0.029,0,2955,0,4
-0.537702,0.07,0.029,0,2956,0,4
0.367426,0.032,0.059,0,2957,0,4
0.320708,0.034,0.059,0,2958,0,4
0.367426,0.032,0.061,0,2959,0,4
0.320708,0.034,0.061,0,2960,0,4
-0.317827,0.06,0.007,0,2961,0,4
-0.364115,0.062,0.007,0,2962,0,4
-0.317827,0.06,0.009,0,2963,0,4
-0.364115,0.062,0.009,0,2964,0,4
0.543623,0.024,-0.005,0,2965,0,4
0.501317,0.026,-0.005,0,2966,0,4
0.543623,0.024,-0.003,0,2967,0,4
0.501317,0.026,-0.003,0,2968,0,4
0.27309,0.036,0.071,0,2969,0,4
0.224688,0.038,0.071,0,2970,0,4
0.27309,0.036,0.073,0,2971,0,4
0.224688,0.038,0.073,0,2972,0,4
-0.409326,0.064,0.019,0,2973,0,4
-0.453372,0.066,0.019,0,2974,0,4
-0.409326,0.064,0.021,0,2975,0,4
-0.453372,0.066,0.021,0,2976,0,4
0.175628,0.04,0.083,0,2977,0,4
0.126051,0.042,0.083,0,2978,0,4
0.175628,0.04,0.085,0,2979,0,4
0.126051,0.042,0.085,0,2980,0,4
-0.496181,0.068,0.031,0,2981,0,4
-0.537702,0.07,0.031,0,2982,0,4
-0.496181,0.068,0.033,0,2983,0,4
-0.537702,0.07,0.033,0,2984,0,4
0.840425,0.008,0.103,0,2985,0,4
0.806878,0.01,0.103,0,2986,0,4
0.27309,0.036,0.051,0,2987,0,4
0.224688,0.038,0.051,0,2988,0,4
0.27309,0.036,0.053,0,2989,0,4
0.224688,0.038,0.053,0,2990,0,4
-0.409326,0.064,-0.001,0,2991,0,4
-0.453372,0.066,-0.001,0,2992,0,4
-0.409326,0.064,0.001,0,2993,0,4
-0.453372,0.066,0.001,0,2994,0,4
0.175628,0.04,0.063,0,2995,0,4
0.126051,0.042,0.063,0,2996,0,4
0.175628,0.04,0.065,0,2997,0,4
0.126051,0.042,0.065,0,2998,0,4
-0.496181,0.068,0.011,0,2999,0,4
-0.537702,0.07,0.011,0,3000,0,4
-0.496181,0.068,0.013,0,3001,0,4
-0.537702,0.07,0.013,0,3002,0,4
0.27309,0.036,0.055,0,3003,0,4
0.224688,0.038,0.055,0,3004,0,4
0.27309,0.036,0.057,0,3005,0,4
0.224688,0.038,0.057,0,3006,0,4
-0.409326,0.064,0.003,0,3007,0,4
-0.453372,0.066,0.003,0,3008,0,4
-0.409326,0.064,0.005,0,3009,0,4
-0.453372,0.066,0.005,0,3010,0,4
0.175628,0.04,0.067,0,3011,0,4
0.126051,0.042,0.067,0,3012,0,4
0.175628,0.04,0.069,0,3013,0,4
0.126051,0.042,0.069,0,3014,0,4
-0.496181,0.068,0.015,0,3015,0,4
-0.537702,0.07,0.015,0,3016,0,4
-0.496181,0.068,0.017,0,3017,0,4
-0.537702,0.07,0.017,0,3018,0,4
0.27309,0.036,0.059,0,3019,0,4
0.224688,0.038,0.059,0,3020,0,4
0.27309,0.036,0.061,0,3021,0,4
0.224688,0.038,0.061,0,3022,0,4
-0.409326,0.064,0.007,0,3023,0,4
-0.453372,0.066,0.007,0,3024,0,4
-0.409326,0.064,0.009,0,3025,0,4
-0.453372,0.066,0.009,0,3026,0,4
0.457821,0.028,-0.005,0,3027,0,4
0.41318,0.03,-0.005,0,3028,0,4
0.457821,0.028,-0.003,0,3029,0,4
0.41318,0.03,-0.003,0,3030,0,4
0.175628,0.04,0.071,0,3031,0,4
0.126051,0.042,0.071,0,3032,0,4
0.175628,0.04,0.073,0,3033,0,4
0.126051,0.042,0.073,0,3034,0,4
-0.496181,0.068,0.019,0,3035,0,4
-0.537702,0.07,0.019,0,3036,0,4
-0.496181,0.068,0.021,0,3037,0,4
-0.537702,0.07,0.021,0,3038,0,4
0.772485,0.012,0.103,0,3039,0,4
0.73714,0.014,0.103,0,3040,0,4
0.175628,0.04,0.051,0,3041,0,4
0.126051,0.042,0.051,0,3042,0,4
0.175628,0.04,0.053,0,3043,0,4
0.126051,0.042,0.053,0,3044,0,4
-0.496181,0.068,-0.001,0,3045,0,4
-0.537702,0.07,-0.001,0,3046,0,4
-0.496181,0.068,0.001,0,3047,0,4
-0.537702,0.07,0.001,0,3048,0,4
0.175628,0.04,0.055,0,3049,0,4
0.126051,0.042,0.055,0,3050,0,4
0.175628,0.04,0.057,0,3051,0,4
0.126051,0.042,0.057,0,3052,0,4
-0.496181,0.068,0.003,0,3053,0,4
-0.537702,0.07,0.003,0,3054,0,4
-0.496181,0.068,0.005,0,3055,0,4
-0.537702,0.07,0.005,0,3056,0,4
0.175628,0.04,0.059,0,3057,0,4
0.126051,0.042,0.059,0,3058,0,4
0.175628,0.04,0.061,0,3059,0,4
0.126051,0.042,0.061,0,3060,0,4
-0.496181,0.068,0.007,0,3061,0,4
-0.537702,0.07,0.007,0,3062,0,4
-0.496181,0.068,0.009,0,3063,0,4
-0.537702,0.07,0.009,0,3064,0,4
